customer_id,score,tier
12346,0.6013243683781582,Tier 3
12347,0.7240118174409127,Tier 2
12348,0.6417023227383862,Tier 2
12349,0.506912184189079,Tier 3
12350,0.33829971475142623,Tier 4
12351,0.32107783211083946,Tier 4
12352,0.5900366748166259,Tier 3
12353,0.5318561532192339,Tier 3
12354,0.5463783618581908,Tier 3
12355,0.597274857375713,Tier 3
12356,0.7842909535452323,Tier 2
12357,0.588539119804401,Tier 3
12358,0.6184596577017114,Tier 3
12359,0.7343775468622656,Tier 2
12360,0.7402607986960065,Tier 2
12361,0.5118276283618581,Tier 3
12362,0.5356713528932355,Tier 3
12363,0.3827322738386308,Tier 4
12365,0.29704054604726976,Tier 4
12366,0.2447636511817441,Tier 4
12368,0.32075692746536266,Tier 4
12369,0.566590260798696,Tier 3
12370,0.7614048492257539,Tier 2
12371,0.5836338630806845,Tier 3
12372,0.5875152811735942,Tier 3
12373,0.5584810513447434,Tier 3
12374,0.5261257131214344,Tier 3
12376,0.37547371638141813,Tier 4
12377,0.7079207416462918,Tier 2
12378,0.4155664221678892,Tier 4
12379,0.4326558679706602,Tier 3
12380,0.5749898125509373,Tier 3
12383,0.6564588427057865,Tier 2
12385,0.4317695599022005,Tier 3
12386,0.4094794213528932,Tier 4
12387,0.22384372453137735,Tier 4
12388,0.6862061939690303,Tier 2
12389,0.5457671149144254,Tier 3
12391,0.5867614099429502,Tier 3
12392,0.19564486552567237,Tier 4
12393,0.671383455582722,Tier 2
12394,0.4302261613691931,Tier 3
12395,0.7949368378158109,Tier 2
12396,0.3549765688671556,Tier 4
12399,0.728591075794621,Tier 2
12400,0.24573145884270578,Tier 4
12401,0.26123166259168706,Tier 4
12402,0.5944223716381419,Tier 3
12403,0.2771648329258354,Tier 4
12406,0.5513956805215974,Tier 3
12407,0.4987927872860636,Tier 3
12408,0.6474429502852485,Tier 2
12409,0.6243938467807661,Tier 3
12410,0.495909739201304,Tier 3
12411,0.30709555827220864,Tier 4
12412,0.4825539934800326,Tier 3
12413,0.523960880195599,Tier 3
12414,0.5278983292583537,Tier 3
12415,0.8803382233088833,Tier 1
12416,0.17980338223308884,Tier 4
12417,0.80880195599022,Tier 1
12418,0.49980134474327625,Tier 3
12419,0.3991289731051345,Tier 4
12421,0.4169875713121434,Tier 4
12422,0.7069529339853301,Tier 2
12423,0.8130246536267318,Tier 1
12424,0.4454716788916055,Tier 3
12425,0.3343928280358598,Tier 4
12426,0.6227383863080685,Tier 3
12427,0.22903932355338225,Tier 4
12428,0.7473614506927465,Tier 2
12429,0.760299511002445,Tier 2
12431,0.8796505704971475,Tier 1
12433,0.7019254278728606,Tier 2
12434,0.44437652811735945,Tier 3
12435,0.7712968622656886,Tier 2
12437,0.8936939690301547,Tier 1
12439,0.37684902200489,Tier 4
12440,0.34649042379788103,Tier 4
12441,0.2719437652811736,Tier 4
12443,0.23139262428687857,Tier 4
12445,0.2159637326813366,Tier 4
12447,0.42945191524042375,Tier 3
12449,0.32535656071719643,Tier 4
12450,0.38333333333333336,Tier 4
12451,0.7961593317033414,Tier 2
12454,0.5350804808475957,Tier 3
12455,0.7544468215158924,Tier 2
12456,0.4844233903830481,Tier 3
12457,0.6096729828850856,Tier 3
12458,0.5985228198859005,Tier 3
12459,0.25933679706601465,Tier 4
12460,0.25704971475142624,Tier 4
12462,0.3636766503667482,Tier 4
12463,0.49851263243683785,Tier 3
12464,0.5805419722901386,Tier 3
12467,0.14760085574572127,Tier 4
12468,0.6275723308883456,Tier 3
12469,0.5338172371638141,Tier 3
12470,0.1957976772616137,Tier 4
12471,0.8638702118989404,Tier 1
12472,0.788875305623472,Tier 2
12474,0.8643744906275468,Tier 1
12475,0.32085880195599026,Tier 4
12476,0.8211033007334964,Tier 1
12477,0.7822432762836186,Tier 2
12480,0.7115169111654441,Tier 2
12481,0.8603147921760391,Tier 1
12482,0.6579360228198858,Tier 2
12483,0.7850804808475956,Tier 2
12484,0.6689690301548493,Tier 2
12485,0.33721475142624285,Tier 4
12486,0.39968928280358595,Tier 4
12487,0.11555114099429502,Tier 4
12489,0.3256010594947025,Tier 4
12490,0.8372147514262428,Tier 1
12492,0.31750203748981254,Tier 4
12493,0.34421352893235535,Tier 4
12494,0.684448859005705,Tier 2
12495,0.14473308883455582,Tier 4
12496,0.20621943765281173,Tier 4
12497,0.5160248573757131,Tier 3
12499,0.2647259576202119,Tier 4
12500,0.7168755093724531,Tier 2
12501,0.4859107579462103,Tier 3
12502,0.680562347188264,Tier 2
12503,0.2363131621841891,Tier 4
12504,0.3148125509372453,Tier 4
12505,0.32622758761206194,Tier 4
12506,0.342130195599022,Tier 4
12507,0.5196464955175224,Tier 3
12509,0.2974429502852486,Tier 4
12510,0.6487673186634068,Tier 2
12511,0.4567339038304809,Tier 3
12514,0.612983903830481,Tier 3
12515,0.3201660554197229,Tier 4
12516,0.46642726161369197,Tier 3
12519,0.2090107986960065,Tier 4
12520,0.6712102689486553,Tier 2
12523,0.7670334148329258,Tier 2
12524,0.8731458842705787,Tier 1
12525,0.4068103096984515,Tier 4
12527,0.5472442950285248,Tier 3
12528,0.4599531377343113,Tier 3
12529,0.18771903015484923,Tier 4
12530,0.7325387123064385,Tier 2
12531,0.34535961695191525,Tier 4
12533,0.37364506927465363,Tier 4
12537,0.37586083944580273,Tier 4
12538,0.30009678076609614,Tier 4
12539,0.7752139364303179,Tier 2
12540,0.9182406275468622,Tier 1
12541,0.35032599837000816,Tier 4
12542,0.313309902200489,Tier 4
12543,0.378901792991035,Tier 4
12545,0.44360228198859003,Tier 3
12547,0.5366646291768541,Tier 3
12549,0.5330684596577017,Tier 3
12551,0.2822279951100244,Tier 4
12553,0.7553687856560717,Tier 2
12554,0.29613895680521596,Tier 4
12557,0.7431845965770172,Tier 2
12559,0.4010849633251834,Tier 4
12561,0.3274959250203749,Tier 4
12562,0.7032854523227385,Tier 2
12563,0.2566778728606357,Tier 4
12564,0.40208333333333335,Tier 4
12565,0.22975244498777506,Tier 4
12567,0.8603300733496333,Tier 1
12568,0.13266096169519154,Tier 4
12569,0.6117359413202933,Tier 3
12573,0.6699368378158108,Tier 2
12574,0.29677057864710676,Tier 4
12575,0.39528321108394454,Tier 4
12576,0.6570599022004889,Tier 2
12577,0.6663355745721271,Tier 2
12578,0.603158109209454,Tier 3
12580,0.5790291361043194,Tier 3
12582,0.712825998370008,Tier 2
12583,0.8788865118174408,Tier 1
12584,0.3137021189894051,Tier 4
12585,0.5869295028524857,Tier 3
12586,0.564389771801141,Tier 3
12588,0.3622555012224939,Tier 4
12589,0.5655460472697637,Tier 3
12590,0.611379380603097,Tier 3
12591,0.5883404645476773,Tier 3
12592,0.6088376120619398,Tier 3
12593,0.36791972290138547,Tier 4
12594,0.8293704156479218,Tier 1
12595,0.24211491442542787,Tier 4
12596,0.35712102689486547,Tier 4
12597,0.41339140179299105,Tier 4
12598,0.7052057864710677,Tier 2
12599,0.7621638141809293,Tier 2
12600,0.794789119804401,Tier 2
12601,0.5869091279543601,Tier 3
12604,0.31798594132029345,Tier 4
12605,0.5171251018744907,Tier 3
12608,0.31731866340668297,Tier 4
12609,0.6857121026894867,Tier 2
12613,0.8421760391198043,Tier 1
12614,0.36863284433577836,Tier 4
12615,0.5909127954360228,Tier 3
12616,0.4100753871230644,Tier 4
12619,0.5744396903015485,Tier 3
12620,0.5079258353708231,Tier 3
12621,0.8972850448247759,Tier 1
12622,0.34833435207823965,Tier 4
12623,0.7203341483292584,Tier 2
12625,0.7628514669926649,Tier 2
12626,0.4829767726161369,Tier 3
12629,0.5110279136104319,Tier 3
12631,0.593480032599837,Tier 3
12632,0.3325234311328443,Tier 4
12633,0.8085931132844335,Tier 1
12634,0.25875101874490625,Tier 4
12635,0.5199419315403423,Tier 3
12637,0.7869600651996739,Tier 2
12638,0.16959555827220862,Tier 4
12639,0.6349684189079055,Tier 3
12643,0.734759576202119,Tier 2
12644,0.485773227383863,Tier 3
12645,0.7398634881825592,Tier 2
12647,0.8973105134474327,Tier 1
12648,0.41152709861450687,Tier 4
12649,0.7245364710676447,Tier 2
12651,0.44971475142624284,Tier 3
12652,0.46798084759576203,Tier 3
12653,0.6214904237978811,Tier 3
12654,0.5465770171149145,Tier 3
12655,0.2565658109209454,Tier 4
12656,0.7722188264058679,Tier 2
12661,0.21904543602281987,Tier 4
12662,0.7974225753871231,Tier 2
12663,0.18144865525672368,Tier 4
12664,0.6627750611246943,Tier 2
12665,0.35351976365118176,Tier 4
12666,0.372071108394458,Tier 4
12668,0.7983190709046454,Tier 2
12669,0.4577730236348818,Tier 3
12670,0.7352434800326,Tier 2
12671,0.4281784841075794,Tier 3
12672,0.3744295028524858,Tier 4
12673,0.5141758353708232,Tier 3
12674,0.47815301548492256,Tier 3
12675,0.3814588427057865,Tier 4
12676,0.6759270578647107,Tier 2
12677,0.2510594947025265,Tier 4
12678,0.811083944580277,Tier 1
12679,0.5483496332518337,Tier 3
12681,0.909973512632437,Tier 1
12682,0.9272259576202119,Tier 1
12683,0.8508710268948655,Tier 1
12684,0.6129889975550122,Tier 3
12686,0.23977689486552567,Tier 4
12687,0.4633659331703342,Tier 3
12690,0.4394763651181744,Tier 3
12691,0.47318154034229826,Tier 3
12692,0.15794621026894867,Tier 4
12693,0.6769458027709861,Tier 2
12694,0.3369142216788916,Tier 4
12695,0.6552465362673185,Tier 2
12696,0.3790189486552567,Tier 4
12698,0.2207976772616137,Tier 4
12699,0.36111450692746533,Tier 4
12700,0.4890841483292584,Tier 3
12701,0.727281988590057,Tier 2
12703,0.3506316218418908,Tier 4
12705,0.8389568052159739,Tier 1
12707,0.43040444172779135,Tier 3
12708,0.8156224531377343,Tier 1
12709,0.8445700896495517,Tier 1
12710,0.5353198859005706,Tier 3
12711,0.44226772616136917,Tier 3
12712,0.8426854115729421,Tier 1
12714,0.8981051344743276,Tier 1
12717,0.5506825590872045,Tier 3
12720,0.8489405052974736,Tier 1
12721,0.6924460065199673,Tier 2
12724,0.6235737571312143,Tier 3
12725,0.6225397310513447,Tier 3
12726,0.7808323145884271,Tier 2
12727,0.7139873675631622,Tier 2
12728,0.594911369193154,Tier 3
12730,0.34854828850855746,Tier 4
12731,0.8524755501222494,Tier 1
12733,0.6865474735126325,Tier 2
12734,0.4866442542787286,Tier 3
12735,0.49748370008149956,Tier 3
12736,0.2675071312143439,Tier 4
12738,0.2618072534637327,Tier 4
12739,0.4635747758761206,Tier 3
12741,0.22068561532192338,Tier 4
12742,0.31845965770171153,Tier 4
12744,0.7653219233903831,Tier 2
12745,0.39336287693561534,Tier 4
12746,0.15717705786471065,Tier 4
12747,0.8634168704156479,Tier 1
12748,0.9365067237163813,Tier 1
12749,0.7449928687856561,Tier 2
12751,0.2938213121434393,Tier 4
12753,0.7121179706601467,Tier 2
12754,0.6436073757131215,Tier 2
12755,0.7019101466992664,Tier 2
12757,0.4569682151589242,Tier 3
12758,0.757314588427058,Tier 2
12759,0.7679095354523227,Tier 2
12760,0.27018133659331706,Tier 4
12761,0.343250814995925,Tier 4
12763,0.32673186634066825,Tier 4
12764,0.5144152404237978,Tier 3
12765,0.5650010187449063,Tier 3
12766,0.7659841075794621,Tier 2
12767,0.4449572127139364,Tier 3
12768,0.14769763651181744,Tier 4
12769,0.524770782396088,Tier 3
12770,0.6024195191524042,Tier 3
12771,0.1602689486552567,Tier 4
12773,0.09949062754686226,Tier 4
12774,0.16101772616136917,Tier 4
12775,0.6599022004889975,Tier 2
12776,0.1249745313773431,Tier 4
12777,0.3182049714751426,Tier 4
12778,0.6858190709046454,Tier 2
12779,0.8531479217603912,Tier 1
12780,0.23779543602281986,Tier 4
12781,0.33819274653626735,Tier 4
12782,0.7493581907090465,Tier 2
12784,0.3937449062754686,Tier 4
12785,0.4975193561532192,Tier 3
12786,0.2955888345558272,Tier 4
12787,0.5213427057864711,Tier 3
12788,0.4048288508557457,Tier 4
12789,0.23896699266503668,Tier 4
12790,0.5334963325183374,Tier 3
12791,0.4712000814995925,Tier 3
12792,0.4787999185004075,Tier 3
12793,0.5281733903830481,Tier 3
12796,0.22056336593317033,Tier 4
12797,0.3680419722901386,Tier 4
12798,0.4251986552567237,Tier 3
12799,0.21590260798696007,Tier 4
12800,0.37782192339038306,Tier 4
12801,0.30841992665036677,Tier 4
12802,0.5411776691116544,Tier 3
12803,0.4402149551752241,Tier 3
12804,0.36535757946210273,Tier 4
12805,0.5802669111654442,Tier 3
12806,0.5035757946210269,Tier 3
12807,0.2199826813365933,Tier 4
12808,0.45525162999185004,Tier 3
12809,0.3615882233088835,Tier 4
12810,0.3711491442542787,Tier 4
12811,0.6167277913610432,Tier 3
12813,0.5078748981255095,Tier 3
12815,0.5072178076609617,Tier 3
12817,0.5067848410757947,Tier 3
12818,0.48144356153219237,Tier 3
12819,0.3127954360228199,Tier 4
12820,0.6683221271393642,Tier 2
12821,0.4472137326813366,Tier 3
12823,0.7577883048084759,Tier 2
12825,0.35661674816625916,Tier 4
12826,0.6733088834555826,Tier 2
12829,0.4043806030969845,Tier 4
12831,0.5011206193969029,Tier 3
12834,0.3615984107579462,Tier 4
12835,0.7155103911980439,Tier 2
12836,0.8399857375713122,Tier 1
12837,0.32829563977180115,Tier 4
12838,0.695344335778321,Tier 2
12839,0.8670639771801141,Tier 1
12840,0.725269967400163,Tier 2
12841,0.8511766503667482,Tier 1
12842,0.5657243276283619,Tier 3
12843,0.8478147921760393,Tier 1
12844,0.36123166259168704,Tier 4
12845,0.5142726161369193,Tier 3
12847,0.40553178484107577,Tier 4
12848,0.18643031784841074,Tier 4
12849,0.7333995517522414,Tier 2
12850,0.25147208638956803,Tier 4
12851,0.22584046454767726,Tier 4
12852,0.2874388753056235,Tier 4
12853,0.7309800325998371,Tier 2
12854,0.7140433985330075,Tier 2
12855,0.5449317440912795,Tier 3
12857,0.7760951507742463,Tier 2
12858,0.21857681336593318,Tier 4
12859,0.32149551752241234,Tier 4
12860,0.14335268948655255,Tier 4
12861,0.13937958435207826,Tier 4
12862,0.49632742461287693,Tier 3
12863,0.5864965362673187,Tier 3
12864,0.1845812958435208,Tier 4
12865,0.5184341890790546,Tier 3
12866,0.6003718418907906,Tier 3
12867,0.8440148736756317,Tier 1
12868,0.7674918500407497,Tier 2
12869,0.24689282803585982,Tier 4
12870,0.5592298288508558,Tier 3
12871,0.5194121841890791,Tier 3
12872,0.7498370008149959,Tier 2
12873,0.6290698859005706,Tier 3
12874,0.43291055419722907,Tier 3
12875,0.5521699266503667,Tier 3
12876,0.7196872453137735,Tier 2
12877,0.8446923390383048,Tier 1
12878,0.5688060309698452,Tier 3
12880,0.4560156886715566,Tier 3
12881,0.3433475957620212,Tier 4
12886,0.452658924205379,Tier 3
12887,0.2793551344743276,Tier 4
12888,0.4066473105134474,Tier 4
12889,0.40925020374898136,Tier 4
12890,0.35101874490627544,Tier 4
12891,0.6125,Tier 3
12892,0.2859311328443358,Tier 4
12894,0.1979013854930725,Tier 4
12897,0.5906632029339853,Tier 3
12898,0.32915138549307255,Tier 4
12899,0.3019101466992665,Tier 4
12900,0.2832365525672371,Tier 4
12901,0.803280358598207,Tier 2
12902,0.30919926650366747,Tier 4
12903,0.3874286878565607,Tier 4
12905,0.37769967400163,Tier 4
12907,0.3554146291768541,Tier 4
12908,0.52485228198859,Tier 3
12909,0.7591585167074165,Tier 2
12910,0.8150977995110025,Tier 1
12911,0.44951609616951915,Tier 3
12913,0.7598614506927466,Tier 2
12914,0.2591279543602282,Tier 4
12915,0.4588121434392828,Tier 3
12916,0.7949062754686227,Tier 2
12917,0.6005908720456398,Tier 3
12920,0.35687652811735937,Tier 4
12921,0.868021597392013,Tier 1
12923,0.43635900570497144,Tier 3
12924,0.7865627546862266,Tier 2
12925,0.14124898125509372,Tier 4
12926,0.6097595762021191,Tier 3
12927,0.25870517522412384,Tier 4
12928,0.7920385085574573,Tier 2
12929,0.2744142216788916,Tier 4
12931,0.8421505704971476,Tier 1
12932,0.5995160961695192,Tier 3
12933,0.6302414425427874,Tier 3
12934,0.15174714751426244,Tier 4
12935,0.794223716381418,Tier 2
12937,0.8166361043194785,Tier 1
12939,0.7925376935615323,Tier 2
12941,0.24526792991035046,Tier 4
12942,0.5443154034229829,Tier 3
12943,0.2822127139364303,Tier 4
12944,0.32056336593317036,Tier 4
12945,0.5407548899755501,Tier 3
12946,0.2800784433577832,Tier 4
12947,0.5729013854930726,Tier 3
12948,0.7031020782396087,Tier 2
12949,0.8731153219233904,Tier 1
12951,0.8111756316218419,Tier 1
12953,0.305587815810921,Tier 4
12954,0.17080786471067644,Tier 4
12955,0.6208537082314589,Tier 3
12956,0.5403168296658516,Tier 3
12957,0.8225346373268134,Tier 1
12958,0.4227383863080684,Tier 3
12959,0.12876426242868785,Tier 4
12960,0.5639466177669112,Tier 3
12961,0.3107426650366748,Tier 4
12963,0.6049918500407497,Tier 3
12964,0.22849938875305623,Tier 4
12967,0.5888141809290954,Tier 3
12969,0.1556845965770171,Tier 4
12970,0.6831397718011409,Tier 2
12971,0.8948604319478404,Tier 1
12972,0.5081295843520782,Tier 3
12973,0.29000101874490625,Tier 4
12974,0.5520273023634882,Tier 3
12975,0.5828392420537898,Tier 3
12976,0.8308374083129584,Tier 1
12977,0.41530154849225753,Tier 4
12978,0.6374949062754686,Tier 3
12979,0.2272921760391198,Tier 4
12980,0.7951660554197229,Tier 2
12982,0.7248064384678077,Tier 2
12983,0.2867155664221679,Tier 4
12986,0.6304299103504483,Tier 3
12987,0.7103555419722902,Tier 2
12988,0.4417583537082315,Tier 3
12989,0.8393184596577017,Tier 1
12990,0.5323400570497148,Tier 3
12991,0.2865270986145069,Tier 4
12992,0.13283414832925836,Tier 4
12993,0.6723869193154035,Tier 2
12994,0.3211033007334964,Tier 4
12996,0.34007742461287693,Tier 4
12997,0.6448044009779952,Tier 2
12998,0.4346984515077424,Tier 3
12999,0.5974072942135289,Tier 3
13000,0.5591075794621028,Tier 3
13001,0.8809647514262429,Tier 1
13002,0.468087815810921,Tier 3
13003,0.32882538712306436,Tier 4
13004,0.863432151589242,Tier 1
13005,0.528173390383048,Tier 3
13007,0.18692440912795436,Tier 4
13008,0.4433730643846781,Tier 3
13009,0.17712408312958436,Tier 4
13010,0.37828545232273836,Tier 4
13011,0.2318765281173594,Tier 4
13012,0.7202169926650367,Tier 2
13013,0.9075794621026896,Tier 1
13014,0.7035808883455583,Tier 2
13015,0.8562550937245315,Tier 1
13018,0.9015637734311328,Tier 1
13019,0.5685258761206194,Tier 3
13020,0.31350855745721273,Tier 4
13021,0.7768948655256724,Tier 2
13022,0.18475957620211897,Tier 4
13023,0.33135187449062753,Tier 4
13024,0.32665036674816633,Tier 4
13025,0.210340260798696,Tier 4
13026,0.635136511817441,Tier 3
13027,0.7590617359413202,Tier 2
13029,0.5193510594947026,Tier 3
13030,0.38327730236348817,Tier 4
13031,0.6849582314588427,Tier 2
13032,0.6339802363488183,Tier 3
13033,0.3609667889160554,Tier 4
13034,0.3740729421352893,Tier 4
13035,0.5217196414017929,Tier 3
13036,0.19751426242868786,Tier 4
13037,0.7972442950285248,Tier 2
13038,0.3732834148329258,Tier 4
13039,0.4786572942135289,Tier 3
13041,0.4758710268948655,Tier 3
13042,0.47571312143439276,Tier 3
13043,0.3371230643846781,Tier 4
13044,0.7747555012224939,Tier 2
13045,0.4080429910350449,Tier 4
13046,0.4916972290138549,Tier 3
13047,0.8224276691116545,Tier 1
13048,0.7419468215158924,Tier 2
13049,0.476309087204564,Tier 3
13050,0.8707773023634883,Tier 1
13051,0.23169315403422983,Tier 4
13052,0.8288966992665037,Tier 1
13053,0.17205073349633251,Tier 4
13055,0.6096424205378973,Tier 3
13056,0.21302465362673187,Tier 4
13057,0.3856662591687042,Tier 4
13059,0.7515739608801956,Tier 2
13060,0.3755501222493888,Tier 4
13063,0.21286674816625917,Tier 4
13064,0.5188111246943765,Tier 3
13065,0.5597392013039935,Tier 3
13067,0.3653575794621027,Tier 4
13068,0.2760747758761206,Tier 4
13069,0.9106306030969844,Tier 1
13070,0.6062907497962511,Tier 3
13071,0.16624898125509371,Tier 4
13072,0.3159739201303994,Tier 4
13073,0.3864252241238794,Tier 4
13074,0.4663559494702527,Tier 3
13076,0.1981764466177669,Tier 4
13077,0.7255654034229828,Tier 2
13078,0.8751018744906275,Tier 1
13079,0.24181947840260798,Tier 4
13080,0.3090413610431948,Tier 4
13081,0.8641299918500407,Tier 1
13082,0.8090515484922575,Tier 1
13083,0.19349531377343115,Tier 4
13084,0.10953545232273838,Tier 4
13085,0.6619600651996739,Tier 2
13086,0.37465872045639775,Tier 4
13087,0.21102791361043194,Tier 4
13088,0.2655969845150774,Tier 4
13089,0.9176191931540343,Tier 1
13090,0.8156581092094539,Tier 1
13091,0.2283516707416463,Tier 4
13092,0.7541004482477588,Tier 2
13093,0.806290749796251,Tier 1
13094,0.6615220048899756,Tier 2
13096,0.3049867563162184,Tier 4
13097,0.8395527709861451,Tier 1
13098,0.816091075794621,Tier 1
13101,0.6214191116544416,Tier 3
13102,0.8978096984515078,Tier 1
13103,0.37315097799511004,Tier 4
13104,0.5735992257538711,Tier 3
13105,0.1793856968215159,Tier 4
13106,0.3285707008964955,Tier 4
13107,0.673487163814181,Tier 2
13108,0.47413406682966586,Tier 3
13109,0.1941269356153219,Tier 4
13110,0.7237163814180928,Tier 2
13111,0.2110788508557457,Tier 4
13112,0.07733292583537082,Tier 4
13113,0.8886766503667481,Tier 1
13114,0.18908414832925835,Tier 4
13115,0.6447585574572128,Tier 2
13117,0.7915495110024451,Tier 2
13118,0.7485431947840261,Tier 2
13119,0.15728911980440097,Tier 4
13120,0.2980796658516708,Tier 4
13121,0.32501528117359413,Tier 4
13122,0.5207823960880196,Tier 3
13123,0.38351161369193154,Tier 4
13124,0.7281530154849225,Tier 2
13125,0.20367766911165444,Tier 4
13126,0.7379278728606357,Tier 2
13128,0.18755603096984513,Tier 4
13129,0.2924205378973105,Tier 4
13131,0.6167583537082315,Tier 3
13132,0.28598716381418093,Tier 4
13133,0.4227383863080685,Tier 3
13134,0.6075234311328443,Tier 3
13135,0.7021240831295843,Tier 2
13136,0.7943918092909535,Tier 2
13137,0.835936226568867,Tier 1
13138,0.5289527302363489,Tier 3
13139,0.7656835778321109,Tier 2
13140,0.5480236348818256,Tier 3
13141,0.8520884270578648,Tier 1
13143,0.20059596577017114,Tier 4
13144,0.32917176039119805,Tier 4
13145,0.5048237571312144,Tier 3
13148,0.8344947025264874,Tier 1
13149,0.3749286878565607,Tier 4
13150,0.322071108394458,Tier 4
13151,0.6155052974735126,Tier 3
13152,0.6152506112469437,Tier 3
13154,0.530817033414833,Tier 3
13155,0.6015281173594131,Tier 3
13156,0.5955124286878566,Tier 3
13157,0.7748217196414018,Tier 2
13158,0.47761308068459657,Tier 3
13161,0.4594692339038305,Tier 3
13162,0.832355338223309,Tier 1
13163,0.06708944580277099,Tier 4
13164,0.24418806030969845,Tier 4
13165,0.4799714751426243,Tier 3
13166,0.490510391198044,Tier 3
13167,0.3109311328443358,Tier 4
13168,0.7169264466177669,Tier 2
13169,0.4960014262428688,Tier 3
13171,0.308491238793806,Tier 4
13172,0.20393235533822332,Tier 4
13173,0.6912744498777507,Tier 2
13174,0.8089853300733496,Tier 1
13175,0.3396393643031785,Tier 4
13177,0.24551242868785655,Tier 4
13178,0.8753412795436023,Tier 1
13179,0.30099837000814994,Tier 4
13180,0.14456499592502037,Tier 4
13181,0.33035350448247763,Tier 4
13183,0.7817135289323555,Tier 2
13184,0.5961236756316218,Tier 3
13185,0.276971271393643,Tier 4
13187,0.4531071719641402,Tier 3
13190,0.34239506927465363,Tier 4
13191,0.21442542787286062,Tier 4
13192,0.7351365118174409,Tier 2
13194,0.2914170741646292,Tier 4
13195,0.26229625101874493,Tier 4
13196,0.6468469845150773,Tier 2
13197,0.24935819070904644,Tier 4
13198,0.7193816218418907,Tier 2
13199,0.8729013854930726,Tier 1
13201,0.531896903015485,Tier 3
13202,0.6015332110839445,Tier 3
13203,0.7264058679706601,Tier 2
13204,0.3479726976365118,Tier 4
13205,0.4181081907090465,Tier 4
13206,0.7381519967400163,Tier 2
13207,0.29688264058679703,Tier 4
13208,0.7792685411572944,Tier 2
13209,0.7953748981255094,Tier 2
13211,0.6429350040749796,Tier 2
13213,0.8087000814995924,Tier 1
13214,0.696974327628362,Tier 2
13215,0.2042736348818256,Tier 4
13216,0.35827730236348815,Tier 4
13217,0.1439282803585982,Tier 4
13219,0.15141605541972292,Tier 4
13220,0.6396801140994295,Tier 2
13221,0.5795028524857375,Tier 3
13222,0.147259576202119,Tier 4
13223,0.6827475550122248,Tier 2
13225,0.8712561124694376,Tier 1
13226,0.441778728606357,Tier 3
13227,0.4157701711491443,Tier 4
13229,0.35172677261613694,Tier 4
13230,0.9234413202933984,Tier 1
13232,0.673110228198859,Tier 2
13233,0.5553178484107579,Tier 3
13234,0.32711389568052157,Tier 4
13235,0.4949826813365934,Tier 3
13237,0.3809698451507742,Tier 4
13238,0.44420334148329266,Tier 3
13239,0.6605287286063569,Tier 2
13240,0.6737673186634068,Tier 2
13241,0.2537133251833741,Tier 4
13242,0.6155205786471067,Tier 3
13243,0.7614506927465363,Tier 2
13245,0.3391401792991035,Tier 4
13246,0.8150366748166259,Tier 1
13249,0.6284790138549308,Tier 3
13250,0.2505144661776691,Tier 4
13251,0.2878412795436023,Tier 4
13252,0.3322585574572127,Tier 4
13253,0.6327526487367563,Tier 3
13254,0.22819885900570497,Tier 4
13255,0.42797473512632433,Tier 3
13257,0.1380348410757946,Tier 4
13258,0.5735431947840262,Tier 3
13259,0.6430012224938875,Tier 2
13261,0.5116187856560717,Tier 3
13262,0.5532905460472697,Tier 3
13263,0.9202373675631621,Tier 1
13264,0.3651232681336593,Tier 4
13265,0.5828647106764466,Tier 3
13266,0.8163966992665036,Tier 1
13267,0.8729064792176038,Tier 1
13268,0.7442593724531377,Tier 2
13269,0.8494702526487367,Tier 1
13270,0.35925020374898126,Tier 4
13274,0.3064435615321923,Tier 4
13275,0.3833180521597392,Tier 4
13276,0.5230236348818257,Tier 3
13277,0.38279339853300737,Tier 4
13278,0.4677159739201304,Tier 3
13280,0.6820089649551753,Tier 2
13281,0.21757334963325184,Tier 4
13282,0.4705277098614507,Tier 3
13283,0.28196312143439284,Tier 4
13284,0.23384270578647104,Tier 4
13285,0.728942542787286,Tier 2
13286,0.33528422982885087,Tier 4
13287,0.3669417277913611,Tier 4
13288,0.4476925427872861,Tier 3
13289,0.21084963325183376,Tier 4
13291,0.7042277913610433,Tier 2
13292,0.5290698859005705,Tier 3
13293,0.569208435207824,Tier 3
13294,0.6147463325183373,Tier 3
13295,0.5284739201303995,Tier 3
13296,0.519167685411573,Tier 3
13297,0.5581041157294214,Tier 3
13299,0.5576660554197229,Tier 3
13300,0.42068052159739205,Tier 4
13301,0.4984260391198044,Tier 3
13302,0.16126731866340666,Tier 4
13303,0.20707008964955176,Tier 4
13304,0.5492817848410758,Tier 3
13305,0.7890281173594131,Tier 2
13306,0.18452017114914426,Tier 4
13307,0.2954971475142625,Tier 4
13308,0.6364812550937247,Tier 3
13309,0.6489303178484107,Tier 2
13310,0.656912184189079,Tier 2
13312,0.19036267318663408,Tier 4
13313,0.7626273431132844,Tier 2
13315,0.22216279543602283,Tier 4
13316,0.7541055419722901,Tier 2
13317,0.861190912795436,Tier 1
13319,0.8805215973920131,Tier 1
13320,0.6401691116544418,Tier 2
13324,0.8175886308068459,Tier 1
13326,0.2568765281173594,Tier 4
13327,0.8120874083129583,Tier 1
13328,0.46652404237978806,Tier 3
13329,0.6605440097799511,Tier 2
13330,0.6554248166259169,Tier 2
13331,0.27293704156479215,Tier 4
13333,0.5215617359413203,Tier 3
13334,0.6619651589242055,Tier 2
13337,0.36193459657701715,Tier 4
13338,0.47411369193154035,Tier 3
13339,0.5702475550122249,Tier 3
13340,0.7931336593317033,Tier 2
13341,0.4809290953545232,Tier 3
13344,0.545059087204564,Tier 3
13345,0.30343826405867974,Tier 4
13346,0.3889109616951915,Tier 4
13357,0.776915240423798,Tier 2
13358,0.40290851670741645,Tier 4
13359,0.29562958435207826,Tier 4
13360,0.5026792991035045,Tier 3
13361,0.46491951915240426,Tier 3
13362,0.729563977180114,Tier 2
13363,0.39072432762836184,Tier 4
13365,0.4428789731051345,Tier 3
13367,0.31227078239608796,Tier 4
13368,0.5873828443357783,Tier 3
13369,0.24137123064384675,Tier 4
13370,0.3603147921760392,Tier 4
13371,0.4537999185004076,Tier 3
13373,0.7553025672371638,Tier 2
13374,0.36212306438467806,Tier 4
13375,0.3885645884270579,Tier 4
13376,0.5875203748981255,Tier 3
13377,0.4676039119804401,Tier 3
13380,0.18311939690301549,Tier 4
13381,0.8214496740016299,Tier 1
13382,0.6727383863080685,Tier 2
13383,0.2161420130399348,Tier 4
13384,0.5865372860635697,Tier 3
13385,0.4062245313773431,Tier 4
13386,0.4417481662591687,Tier 3
13387,0.29069885900570497,Tier 4
13388,0.2922473512632437,Tier 4
13389,0.38762734311328445,Tier 4
13391,0.3472901385493073,Tier 4
13392,0.13939486552567237,Tier 4
13393,0.44450387123064383,Tier 3
13394,0.8396852078239608,Tier 1
13395,0.48364914425427874,Tier 3
13396,0.2926090057049715,Tier 4
13397,0.6692542787286063,Tier 2
13398,0.6091890790546046,Tier 3
13399,0.33525366748166263,Tier 4
13400,0.1765077424612877,Tier 4
13402,0.5418704156479217,Tier 3
13403,0.30649959250203745,Tier 4
13404,0.3837051752241239,Tier 4
13405,0.6512632436837815,Tier 2
13406,0.3192950285248574,Tier 4
13407,0.4764466177669112,Tier 3
13408,0.8931591279543603,Tier 1
13410,0.618439282803586,Tier 3
13412,0.2852842298288509,Tier 4
13413,0.3811379380603097,Tier 4
13414,0.5755603096984515,Tier 3
13415,0.4666462917685412,Tier 3
13416,0.17208129584352078,Tier 4
13417,0.6824674001629992,Tier 2
13418,0.8913355745721272,Tier 1
13421,0.7065556234718826,Tier 2
13423,0.24147310513447431,Tier 4
13424,0.2780766096169519,Tier 4
13425,0.5953035859820701,Tier 3
13426,0.8563264058679707,Tier 1
13427,0.6081295843520782,Tier 3
13428,0.34066320293398533,Tier 4
13431,0.6080531784841077,Tier 3
13432,0.3828035859820701,Tier 4
13433,0.40232783211083945,Tier 4
13434,0.5121587204563977,Tier 3
13435,0.467481662591687,Tier 3
13438,0.14709148329258354,Tier 4
13439,0.6358496332518337,Tier 3
13440,0.5432711898940504,Tier 3
13441,0.31314690301548487,Tier 4
13442,0.3625865933170334,Tier 4
13443,0.5690403422982886,Tier 3
13444,0.47577933985330073,Tier 3
13445,0.1909331703341483,Tier 4
13446,0.6476466992665035,Tier 2
13448,0.8146801140994295,Tier 1
13450,0.7857171964140179,Tier 2
13451,0.8402607986960065,Tier 1
13452,0.5247656886715566,Tier 3
13453,0.4227078239608802,Tier 3
13454,0.2053738793806031,Tier 4
13455,0.5921251018744906,Tier 3
13456,0.3941167481662592,Tier 4
13457,0.15104930725346374,Tier 4
13458,0.8090922982885085,Tier 1
13459,0.4374083129584352,Tier 3
13461,0.5094997962510188,Tier 3
13462,0.6739659739201305,Tier 2
13464,0.6198604319478402,Tier 3
13465,0.44239506927465366,Tier 3
13466,0.4598716381418093,Tier 3
13468,0.9001629991850041,Tier 1
13469,0.1388702118989405,Tier 4
13472,0.38724022004889974,Tier 4
13473,0.657992053789731,Tier 2
13474,0.6142114914425427,Tier 3
13475,0.6719641401792991,Tier 2
13476,0.6128718418907906,Tier 3
13477,0.7399653626731866,Tier 2
13478,0.5639517114914425,Tier 3
13479,0.6219539527302363,Tier 3
13480,0.43199877750611243,Tier 3
13481,0.8241340668296658,Tier 1
13482,0.47554502852485736,Tier 3
13484,0.5443204971475144,Tier 3
13485,0.7737520374898126,Tier 2
13487,0.621882640586797,Tier 3
13488,0.899378565607172,Tier 1
13489,0.3783109209453953,Tier 4
13490,0.16182253463732682,Tier 4
13491,0.8444070904645475,Tier 1
13492,0.41660044824775877,Tier 4
13493,0.44803382233088834,Tier 3
13494,0.34913916055419725,Tier 4
13495,0.7448808068459658,Tier 2
13496,0.3192288101059495,Tier 4
13497,0.6237316625916872,Tier 3
13498,0.21779237978810104,Tier 4
13499,0.44788610431947845,Tier 3
13500,0.29384168704156477,Tier 4
13501,0.6196057457212715,Tier 3
13502,0.5159535452322739,Tier 3
13503,0.5046251018744906,Tier 3
13505,0.651283618581907,Tier 2
13506,0.5838325183374082,Tier 3
13508,0.4541564792176039,Tier 3
13509,0.5889313365933171,Tier 3
13510,0.6537897310513447,Tier 2
13511,0.12378769356153219,Tier 4
13512,0.5854676039119804,Tier 3
13513,0.3433985330073349,Tier 4
13514,0.4324266503667482,Tier 3
13515,0.5496026894865526,Tier 3
13516,0.4949623064384678,Tier 3
13519,0.23314486552567237,Tier 4
13520,0.7328341483292584,Tier 2
13523,0.8033262021189895,Tier 2
13524,0.3530358598207009,Tier 4
13525,0.3525876120619396,Tier 4
13526,0.3343113284433578,Tier 4
13527,0.8131519967400164,Tier 1
13529,0.38499388753056235,Tier 4
13530,0.2497504074979625,Tier 4
13531,0.744437652811736,Tier 2
13533,0.40791055419722905,Tier 4
13534,0.8480592909535453,Tier 1
13535,0.2053738793806031,Tier 4
13537,0.43494804400977993,Tier 3
13538,0.7450641809290954,Tier 2
13539,0.6540444172779136,Tier 2
13540,0.4304910350448248,Tier 3
13541,0.35145680521597394,Tier 4
13542,0.7323044009779952,Tier 2
13543,0.43733190709046454,Tier 3
13544,0.6206295843520783,Tier 3
13545,0.3606051344743276,Tier 4
13546,0.6447279951100244,Tier 2
13547,0.27608496332518334,Tier 4
13548,0.5493785656071719,Tier 3
13549,0.613849837000815,Tier 3
13550,0.34645986145069274,Tier 4
13551,0.36529645476772615,Tier 4
13552,0.83635391198044,Tier 1
13553,0.30886817440912795,Tier 4
13554,0.6262836185819071,Tier 3
13555,0.8596627954360229,Tier 1
13556,0.2905154849225754,Tier 4
13557,0.7363946617766911,Tier 2
13559,0.38664425427872856,Tier 4
13561,0.8080582722086389,Tier 1
13562,0.7719947025264873,Tier 2
13564,0.7847748573757132,Tier 2
13565,0.40238895680521597,Tier 4
13566,0.5175580684596577,Tier 3
13567,0.5277964547677262,Tier 3
13569,0.5190963732681336,Tier 3
13570,0.3815709046454767,Tier 4
13571,0.8987061939690302,Tier 1
13572,0.579563977180114,Tier 3
13573,0.6184087204563977,Tier 3
13574,0.36127241238793806,Tier 4
13576,0.8361756316218419,Tier 1
13577,0.7180165036674816,Tier 2
13578,0.22897819885900572,Tier 4
13579,0.5499337815810921,Tier 3
13580,0.2126782803585982,Tier 4
13581,0.4160707008964955,Tier 4
13582,0.33665953545232274,Tier 4
13583,0.3103606356968215,Tier 4
13584,0.45012224938875306,Tier 3
13585,0.3784841075794621,Tier 4
13586,0.19288916055419725,Tier 4
13587,0.46431336593317035,Tier 3
13588,0.30610228198859,Tier 4
13589,0.47721577017114913,Tier 3
13590,0.8824317440912794,Tier 1
13591,0.741615729421353,Tier 2
13592,0.4927567237163814,Tier 3
13593,0.7873828443357783,Tier 2
13594,0.12209657701711489,Tier 4
13595,0.4822025264873676,Tier 3
13597,0.3231560717196414,Tier 4
13598,0.46092603911980445,Tier 3
13599,0.8595252648736756,Tier 1
13600,0.47085370823145883,Tier 3
13601,0.6646189894050529,Tier 2
13602,0.48159637326813365,Tier 3
13604,0.23309902200489,Tier 4
13605,0.44647514262428684,Tier 3
13606,0.4541564792176039,Tier 3
13607,0.26080378973105134,Tier 4
13608,0.2390026487367563,Tier 4
13609,0.17546862265688673,Tier 4
13610,0.7184902200488997,Tier 2
13611,0.6781428280358598,Tier 2
13612,0.27528524857375714,Tier 4
13613,0.5400264873675631,Tier 3
13614,0.5774959250203748,Tier 3
13615,0.7342145476772616,Tier 2
13616,0.30684596577017115,Tier 4
13617,0.48271699266503665,Tier 3
13619,0.30243989405052973,Tier 4
13620,0.16857681336593316,Tier 4
13622,0.23305827220863895,Tier 4
13623,0.7822585574572127,Tier 2
13624,0.28341483292583536,Tier 4
13625,0.23254380603096986,Tier 4
13626,0.48702628361858197,Tier 3
13627,0.6791411980440097,Tier 2
13628,0.21524042379788103,Tier 4
13629,0.8128361858190709,Tier 1
13630,0.4949062754686226,Tier 3
13631,0.6677006927465363,Tier 2
13632,0.7136715566422167,Tier 2
13634,0.8068510594947024,Tier 1
13635,0.5054553789731051,Tier 3
13636,0.4970099837000814,Tier 3
13637,0.4693103096984515,Tier 3
13639,0.2746689079054605,Tier 4
13640,0.23352689486552566,Tier 4
13641,0.41021291768541157,Tier 4
13642,0.5843317033414832,Tier 3
13643,0.5889517114914425,Tier 3
13646,0.3454156479217604,Tier 4
13647,0.7266605541972291,Tier 2
13648,0.6117868785656071,Tier 3
13649,0.7135493072534638,Tier 2
13650,0.7248930317848411,Tier 2
13651,0.1802821923390383,Tier 4
13652,0.6990984107579463,Tier 2
13653,0.1960167074164629,Tier 4
13654,0.8784229828850856,Tier 1
13655,0.6662846373268133,Tier 2
13656,0.4959301140994295,Tier 3
13657,0.3849022004889976,Tier 4
13658,0.7695395273023635,Tier 2
13659,0.8395222086389568,Tier 1
13660,0.252118989405053,Tier 4
13661,0.23486145069274653,Tier 4
13662,0.7565352485737571,Tier 2
13663,0.5873828443357784,Tier 3
13665,0.6007997147514264,Tier 3
13666,0.4118174409127954,Tier 4
13668,0.8920232273838631,Tier 1
13669,0.23895171149144254,Tier 4
13671,0.30107477587612064,Tier 4
13672,0.3985737571312144,Tier 4
13674,0.18254889975550123,Tier 4
13675,0.3533720456397718,Tier 4
13676,0.2239150366748166,Tier 4
13677,0.45672371638141807,Tier 3
13679,0.3683475957620212,Tier 4
13680,0.7728453545232274,Tier 2
13683,0.2368174409127954,Tier 4
13684,0.5270731458842707,Tier 3
13686,0.392940097799511,Tier 4
13687,0.5164425427872861,Tier 3
13688,0.22365525672371636,Tier 4
13689,0.2579411165444173,Tier 4
13691,0.30471678891605547,Tier 4
13692,0.6904849225753871,Tier 2
13693,0.6443408720456397,Tier 2
13694,0.9358343520782396,Tier 1
13695,0.6043958842705786,Tier 3
13696,0.4923543194784026,Tier 3
13698,0.34386206193969027,Tier 4
13699,0.21817950285248572,Tier 4
13700,0.7077424612876936,Tier 2
13701,0.14503361858190708,Tier 4
13702,0.1959301140994295,Tier 4
13703,0.3978249796251019,Tier 4
13705,0.6127648736756317,Tier 3
13706,0.49613895680521597,Tier 3
13707,0.7541004482477587,Tier 2
13708,0.3886868378158109,Tier 4
13709,0.6898736756316219,Tier 2
13710,0.33093418907905464,Tier 4
13711,0.7201202118989405,Tier 2
13712,0.5433017522412387,Tier 3
13713,0.5061786878565607,Tier 3
13714,0.2337866748166259,Tier 4
13715,0.8016911165444172,Tier 2
13716,0.3219997962510187,Tier 4
13717,0.5787642624286878,Tier 3
13718,0.4323502444987775,Tier 3
13719,0.8240321923390383,Tier 1
13720,0.49784535452322737,Tier 3
13721,0.26806744091279544,Tier 4
13722,0.7837866748166258,Tier 2
13723,0.7150468622656887,Tier 2
13724,0.2203239608801956,Tier 4
13725,0.7017980847595763,Tier 2
13727,0.45660146699266496,Tier 3
13728,0.8469590464547676,Tier 1
13729,0.40283720456397715,Tier 4
13731,0.5498064384678076,Tier 3
13733,0.3463681744091279,Tier 4
13734,0.5324572127139364,Tier 3
13735,0.8034841075794621,Tier 2
13736,0.7002139364303178,Tier 2
13737,0.4705939282803586,Tier 3
13738,0.3799714751426243,Tier 4
13739,0.15812449062754685,Tier 4
13740,0.7160961695191523,Tier 2
13741,0.29173797881010594,Tier 4
13742,0.7197279951100244,Tier 2
13743,0.4718928280358598,Tier 3
13744,0.4654441727791361,Tier 3
13745,0.2318408720456398,Tier 4
13746,0.2358852893235534,Tier 4
13747,0.32326813365933166,Tier 4
13748,0.7238742868785655,Tier 2
13750,0.6748013447432764,Tier 2
13751,0.338269152404238,Tier 4
13752,0.7018999592502038,Tier 2
13753,0.6747249388753056,Tier 2
13754,0.4053229421352893,Tier 4
13756,0.8525876120619397,Tier 1
13757,0.17062449062754687,Tier 4
13758,0.8625152811735941,Tier 1
13760,0.6205633659331703,Tier 3
13761,0.49634270578647105,Tier 3
13762,0.6864099429502852,Tier 2
13763,0.49574164629176853,Tier 3
13764,0.6730236348818257,Tier 2
13765,0.23215668296658518,Tier 4
13766,0.2161878565607172,Tier 4
13767,0.8844386715566422,Tier 1
13768,0.31039629176854117,Tier 4
13769,0.8219437652811735,Tier 1
13770,0.5129380603096985,Tier 3
13771,0.8679910350448248,Tier 1
13772,0.7425122249388754,Tier 2
13773,0.35780358598207007,Tier 4
13775,0.37771495517522413,Tier 4
13777,0.8540647921760391,Tier 1
13778,0.4122555012224939,Tier 4
13779,0.21864303178484107,Tier 4
13780,0.3287744498777506,Tier 4
13781,0.5477078239608801,Tier 3
13782,0.7233496332518337,Tier 2
13783,0.49002139364303177,Tier 3
13784,0.654859413202934,Tier 2
13785,0.4569631214343928,Tier 3
13786,0.6588172371638142,Tier 2
13787,0.5483343520782396,Tier 3
13788,0.1524959250203749,Tier 4
13789,0.2878667481662591,Tier 4
13792,0.3993429095354523,Tier 4
13793,0.1439537489812551,Tier 4
13794,0.17478096984515076,Tier 4
13795,0.521408924205379,Tier 3
13796,0.25133455582722086,Tier 4
13797,0.4779492665036675,Tier 3
13798,0.9177720048899756,Tier 1
13799,0.6680215973920132,Tier 2
13800,0.6300580684596577,Tier 3
13802,0.8303789731051343,Tier 1
13803,0.5970252648736757,Tier 3
13804,0.6179400977995111,Tier 3
13807,0.41306540342298287,Tier 4
13809,0.5218979217603912,Tier 3
13811,0.2842909535452323,Tier 4
13813,0.4549511002444988,Tier 3
13814,0.2552312550937245,Tier 4
13815,0.696826609616952,Tier 2
13817,0.2610330073349633,Tier 4
13818,0.1878361858190709,Tier 4
13819,0.6677261613691932,Tier 2
13820,0.42639058679706604,Tier 3
13821,0.6572789323553382,Tier 2
13823,0.6327322738386308,Tier 3
13824,0.7895782396088019,Tier 2
13825,0.2957263651181744,Tier 4
13829,0.1287744498777506,Tier 4
13830,0.11480236348818255,Tier 4
13831,0.8692440912795436,Tier 1
13832,0.36447127139364305,Tier 4
13833,0.29268541157294214,Tier 4
13834,0.24263447432762833,Tier 4
13835,0.5696414017929909,Tier 3
13836,0.37755704971475146,Tier 4
13837,0.47259576202118986,Tier 3
13838,0.6772310513447433,Tier 2
13839,0.18900264873675632,Tier 4
13840,0.3743887530562347,Tier 4
13841,0.29301650366748166,Tier 4
13842,0.8666004482477587,Tier 1
13843,0.3176803178484108,Tier 4
13846,0.5902302363488183,Tier 3
13847,0.21741544417277914,Tier 4
13848,0.6638956805215974,Tier 2
13849,0.5523125509372453,Tier 3
13851,0.6688111246943766,Tier 2
13852,0.11831193969030154,Tier 4
13854,0.8771750203748981,Tier 1
13855,0.4948247758761206,Tier 3
13856,0.6802159739201303,Tier 2
13857,0.5732121026894866,Tier 3
13859,0.4630959657701712,Tier 3
13861,0.2744396903015485,Tier 4
13862,0.6383761206193969,Tier 2
13863,0.6074826813365933,Tier 3
13864,0.35085065199674,Tier 4
13865,0.2839751426242869,Tier 4
13867,0.3466075794621027,Tier 4
13869,0.829940912795436,Tier 1
13870,0.7369957212713937,Tier 2
13871,0.8061735941320294,Tier 1
13872,0.40531275468622663,Tier 4
13873,0.6608700081499593,Tier 2
13874,0.6269763651181742,Tier 3
13875,0.8104574164629177,Tier 1
13877,0.26613691931540345,Tier 4
13878,0.4889517114914425,Tier 3
13879,0.25556744091279543,Tier 4
13880,0.7955378973105134,Tier 2
13881,0.8733751018744905,Tier 1
13883,0.8109616951915241,Tier 1
13884,0.6451609616951915,Tier 2
13885,0.4770222086389568,Tier 3
13887,0.4520680521597392,Tier 3
13888,0.7580073349633252,Tier 2
13889,0.5678331295843521,Tier 3
13890,0.5574470252648737,Tier 3
13891,0.5562398125509374,Tier 3
13892,0.543291564792176,Tier 3
13893,0.44090260798696,Tier 3
13894,0.22685920945395271,Tier 4
13895,0.4247351263243684,Tier 3
13896,0.25246536267318664,Tier 4
13897,0.4448960880195599,Tier 3
13898,0.4975651996740016,Tier 3
13899,0.35632131214343926,Tier 4
13900,0.743561532192339,Tier 2
13901,0.7658363895680522,Tier 2
13902,0.5650672371638141,Tier 3
13903,0.2437652811735941,Tier 4
13904,0.32107783211083946,Tier 4
13905,0.1344182966585167,Tier 4
13906,0.19389262428687856,Tier 4
13907,0.14476365118174409,Tier 4
13908,0.5348767318663407,Tier 3
13909,0.35117665036674817,Tier 4
13911,0.8668500407497962,Tier 1
13912,0.20804299103504484,Tier 4
13913,0.15810411572942135,Tier 4
13915,0.14505399348003256,Tier 4
13916,0.5061226568867155,Tier 3
13918,0.3338427057864711,Tier 4
13919,0.4606204156479218,Tier 3
13920,0.5455684596577017,Tier 3
13921,0.46834759576202123,Tier 3
13922,0.47645680521597394,Tier 3
13927,0.22243785656071718,Tier 4
13929,0.6775927057864711,Tier 2
13931,0.8036165444172778,Tier 2
13932,0.3495211898940505,Tier 4
13934,0.4836185819070904,Tier 3
13935,0.576472086389568,Tier 3
13936,0.44190607171964136,Tier 3
13937,0.33005806845965774,Tier 4
13939,0.5793653219233903,Tier 3
13941,0.7403066422167889,Tier 2
13942,0.22428687856560717,Tier 4
13943,0.21408924205378974,Tier 4
13944,0.2100397310513447,Tier 4
13945,0.48261511817440916,Tier 3
13946,0.7211185819070906,Tier 2
13948,0.4672422575387123,Tier 3
13950,0.3330226161369193,Tier 4
13951,0.5185105949470252,Tier 3
13952,0.8559902200488998,Tier 1
13953,0.7723359820700897,Tier 2
13955,0.47878463732681337,Tier 3
13956,0.4744906275468623,Tier 3
13957,0.4214038304808476,Tier 4
13958,0.6935156886715567,Tier 2
13959,0.6277709861450693,Tier 3
13961,0.2880246536267319,Tier 4
13962,0.45142624286878563,Tier 3
13963,0.7524093317033415,Tier 2
13964,0.35145680521597394,Tier 4
13965,0.4023482070089649,Tier 4
13966,0.2968062347188264,Tier 4
13967,0.21354930725346374,Tier 4
13968,0.2091737978810106,Tier 4
13969,0.8595965770171149,Tier 1
13970,0.44615423797881015,Tier 3
13971,0.7827169926650367,Tier 2
13972,0.38264058679706603,Tier 4
13973,0.3345099837000815,Tier 4
13974,0.1470762021189894,Tier 4
13975,0.8058119396903014,Tier 1
13976,0.7012072127139364,Tier 2
13977,0.3252394050529747,Tier 4
13979,0.6345099837000815,Tier 3
13980,0.4075132436837816,Tier 4
13981,0.23323655256723716,Tier 4
13982,0.6789883863080685,Tier 2
13983,0.811837815810921,Tier 1
13984,0.7392980847595763,Tier 2
13985,0.7993327220863895,Tier 2
13987,0.4762988997555012,Tier 3
13988,0.7322229013854931,Tier 2
13989,0.689308272208639,Tier 2
13990,0.41887224938875306,Tier 4
13992,0.3081601466992665,Tier 4
13993,0.8407497962510189,Tier 1
13995,0.7494804400977993,Tier 2
13996,0.47086898940505295,Tier 3
13997,0.38455073349633256,Tier 4
13998,0.43153524857375714,Tier 3
13999,0.8545537897310512,Tier 1
14000,0.6730745721271394,Tier 2
14001,0.7894508964955176,Tier 2
14003,0.1809138141809291,Tier 4
14004,0.7076558679706602,Tier 2
14005,0.3755959657701711,Tier 4
14006,0.7273583944580277,Tier 2
14007,0.16452730236348817,Tier 4
14008,0.26807253463732683,Tier 4
14009,0.6515535859820701,Tier 2
14010,0.2802006927465363,Tier 4
14011,0.3145884270578647,Tier 4
14012,0.3594947025264874,Tier 4
14013,0.5080684596577018,Tier 3
14014,0.5319885900570497,Tier 3
14016,0.8692288101059495,Tier 1
14017,0.2094845150774246,Tier 4
14018,0.2321261206193969,Tier 4
14020,0.33553891605541974,Tier 4
14021,0.7613284433577832,Tier 2
14022,0.5765433985330073,Tier 3
14023,0.3691116544417278,Tier 4
14024,0.30866951915240426,Tier 4
14025,0.6193103096984515,Tier 3
14026,0.42003871230643847,Tier 4
14028,0.47244804400977997,Tier 3
14030,0.8373268133659332,Tier 1
14031,0.9121994702526487,Tier 1
14032,0.7750611246943766,Tier 2
14033,0.15596984515077422,Tier 4
14035,0.6586949877750612,Tier 2
14036,0.44289934800326003,Tier 3
14037,0.5647870823145884,Tier 3
14038,0.671245925020375,Tier 2
14039,0.1588528932355338,Tier 4
14040,0.8768948655256724,Tier 1
14041,0.32555012224938873,Tier 4
14042,0.24960268948655256,Tier 4
14043,0.27757742461287693,Tier 4
14044,0.7192593724531376,Tier 2
14045,0.7067848410757945,Tier 2
14046,0.30540953545232274,Tier 4
14047,0.8186175631621841,Tier 1
14048,0.5334504889975551,Tier 3
14049,0.871760391198044,Tier 1
14051,0.8502903422982885,Tier 1
14052,0.32673186634066825,Tier 4
14053,0.33812143439282805,Tier 4
14055,0.385961695191524,Tier 4
14056,0.8546658516707417,Tier 1
14057,0.8750916870415648,Tier 1
14058,0.3679757538712306,Tier 4
14059,0.3194885900570497,Tier 4
14060,0.856789934800326,Tier 1
14061,0.4410248573757131,Tier 3
14062,0.8404237978810106,Tier 1
14063,0.5495772208638957,Tier 3
14064,0.7931947840260798,Tier 2
14065,0.47331397718011403,Tier 3
14066,0.3083944580277099,Tier 4
14068,0.6044570089649551,Tier 3
14069,0.30827730236348816,Tier 4
14070,0.24550733496332516,Tier 4
14071,0.4003158109209454,Tier 4
14072,0.24373981255093724,Tier 4
14074,0.18344030154849225,Tier 4
14075,0.6084708638956806,Tier 3
14077,0.5245670334148329,Tier 3
14078,0.7401945802770986,Tier 2
14080,0.5150468622656887,Tier 3
14081,0.7447025264873675,Tier 2
14082,0.44853810105949465,Tier 3
14083,0.7136104319478402,Tier 2
14084,0.18698044009779952,Tier 4
14085,0.9106509779951101,Tier 1
14086,0.16613182559087203,Tier 4
14087,0.41997758761206194,Tier 4
14088,0.6868327220863897,Tier 2
14090,0.24911878565607173,Tier 4
14091,0.49062245313773434,Tier 3
14092,0.8797982885085575,Tier 1
14094,0.22948247758761206,Tier 4
14095,0.11628973105134474,Tier 4
14097,0.3694834963325183,Tier 4
14099,0.8356356968215158,Tier 1
14101,0.8218266096169519,Tier 1
14104,0.5011257131214344,Tier 3
14105,0.7470150774246128,Tier 2
14106,0.15911267318663408,Tier 4
14107,0.7735737571312142,Tier 2
14108,0.3073960880195599,Tier 4
14110,0.8566931540342297,Tier 1
14111,0.30545537897310515,Tier 4
14112,0.8040444172779135,Tier 2
14113,0.6984769763651181,Tier 2
14114,0.698797881010595,Tier 2
14115,0.37995110024449874,Tier 4
14118,0.30809902200489,Tier 4
14119,0.27945191524042384,Tier 4
14122,0.33467298288508557,Tier 4
14123,0.25218011409942953,Tier 4
14126,0.3177821923390383,Tier 4
14127,0.7058374083129584,Tier 2
14128,0.4592400162999185,Tier 3
14129,0.6835778321108394,Tier 2
14130,0.677363488182559,Tier 2
14131,0.2108088834555827,Tier 4
14133,0.40949470252648734,Tier 4
14134,0.7850448247758761,Tier 2
14135,0.8392929910350448,Tier 1
14136,0.5681234718826406,Tier 3
14137,0.1480185411572942,Tier 4
14139,0.43302770986145067,Tier 3
14142,0.41122656886715564,Tier 4
14144,0.15795130399348,Tier 4
14145,0.7248522819885901,Tier 2
14146,0.8037999185004074,Tier 2
14147,0.6554095354523227,Tier 2
14148,0.493938467807661,Tier 3
14149,0.38396495517522417,Tier 4
14150,0.3215821108394458,Tier 4
14151,0.32040546047269763,Tier 4
14152,0.6953341483292583,Tier 2
14153,0.2335218011409943,Tier 4
14154,0.7986348818255908,Tier 2
14155,0.2954258353708231,Tier 4
14156,0.8907956397718012,Tier 1
14157,0.5631265281173594,Tier 3
14159,0.7905817033414834,Tier 2
14160,0.6508200896495517,Tier 2
14161,0.8239557864710676,Tier 1
14162,0.30905664221678897,Tier 4
14163,0.648960880195599,Tier 2
14165,0.315821108394458,Tier 4
14166,0.3192237163814181,Tier 4
14167,0.6484515077424613,Tier 2
14168,0.2943357783211084,Tier 4
14169,0.42704258353708235,Tier 3
14170,0.5285146699266503,Tier 3
14171,0.14304706601466993,Tier 4
14172,0.3179350040749796,Tier 4
14173,0.43361858190709046,Tier 3
14175,0.6801548492257539,Tier 2
14176,0.5480541972290138,Tier 3
14177,0.6877495925020376,Tier 2
14180,0.8402709861450692,Tier 1
14181,0.3795996332518337,Tier 4
14182,0.44138141809290954,Tier 3
14183,0.3507080277098614,Tier 4
14185,0.2836491442542787,Tier 4
14186,0.5961593317033416,Tier 3
14187,0.18830480847595762,Tier 4
14188,0.5566574979625101,Tier 3
14189,0.8047320700896495,Tier 1
14190,0.12947738386308066,Tier 4
14191,0.5798950692746536,Tier 3
14192,0.2952322738386308,Tier 4
14193,0.5322076202118989,Tier 3
14194,0.8922779136104321,Tier 1
14195,0.6943459657701712,Tier 2
14197,0.31388039934800327,Tier 4
14198,0.6282497962510187,Tier 3
14199,0.5802108801955991,Tier 3
14200,0.2522565199674002,Tier 4
14201,0.6190250611246945,Tier 3
14202,0.5101619804400979,Tier 3
14203,0.30511409942950285,Tier 4
14204,0.530750814995925,Tier 3
14205,0.7005297473512632,Tier 2
14206,0.5841279543602281,Tier 3
14207,0.15003565607171965,Tier 4
14208,0.2779798288508557,Tier 4
14209,0.8123573757131215,Tier 1
14210,0.8673441320293398,Tier 1
14211,0.8052516299918501,Tier 1
14212,0.36815912795436023,Tier 4
14213,0.3233598207008965,Tier 4
14214,0.37777098614506927,Tier 4
14215,0.6842094539527304,Tier 2
14216,0.22096577017114913,Tier 4
14217,0.7785707008964955,Tier 2
14219,0.41697738386308064,Tier 4
14220,0.6504024042379788,Tier 2
14221,0.8251731866340669,Tier 1
14223,0.3028117359413203,Tier 4
14224,0.7671913202933984,Tier 2
14225,0.5484311328443358,Tier 3
14226,0.6663865118174409,Tier 2
14227,0.8643541157294214,Tier 1
14228,0.466549511002445,Tier 3
14229,0.614267522412388,Tier 3
14230,0.48044519152404236,Tier 3
14231,0.5821770578647107,Tier 3
14232,0.40560309698451513,Tier 4
14233,0.7106051344743277,Tier 2
14235,0.7819529339853302,Tier 2
14236,0.5238029747351263,Tier 3
14237,0.37633455582722086,Tier 4
14238,0.46033516707416466,Tier 3
14239,0.8348003259983701,Tier 1
14240,0.5327169926650367,Tier 3
14241,0.13648125509372452,Tier 4
14242,0.4427872860635697,Tier 3
14243,0.8091737978810105,Tier 1
14244,0.16797066014669926,Tier 4
14245,0.6009474327628362,Tier 3
14246,0.4305419722901385,Tier 3
14247,0.5878820293398532,Tier 3
14248,0.5684749388753056,Tier 3
14249,0.7455480847595761,Tier 2
14252,0.31481764466177664,Tier 4
14253,0.31984515077424613,Tier 4
14254,0.3382334963325183,Tier 4
14256,0.6717705786471067,Tier 2
14257,0.7265433985330074,Tier 2
14258,0.8798848818255909,Tier 1
14260,0.47298797881010596,Tier 3
14262,0.3704563977180114,Tier 4
14263,0.28151487367563166,Tier 4
14264,0.6317033414832925,Tier 3
14265,0.4391860228198859,Tier 3
14266,0.18075590872045638,Tier 4
14267,0.4476568867155664,Tier 3
14268,0.27505093724531376,Tier 4
14269,0.19508964955175223,Tier 4
14270,0.39303178484107576,Tier 4
14271,0.4623522819885901,Tier 3
14272,0.5592502037489813,Tier 3
14273,0.4374898125509372,Tier 3
14274,0.19716279543602283,Tier 4
14275,0.5616697229013855,Tier 3
14276,0.585635696821516,Tier 3
14277,0.8029390790546047,Tier 2
14278,0.2522463325183374,Tier 4
14279,0.25358088834555825,Tier 4
14280,0.38843215158924205,Tier 4
14281,0.25607681336593313,Tier 4
14282,0.8562805623471883,Tier 1
14283,0.4653321108394458,Tier 3
14284,0.31340158924205375,Tier 4
14285,0.4727893235533822,Tier 3
14286,0.7442542787286063,Tier 2
14287,0.42639058679706604,Tier 3
14288,0.38187143439282806,Tier 4
14289,0.6171760391198045,Tier 3
14290,0.5976365118174408,Tier 3
14291,0.864445802770986,Tier 1
14292,0.807559087204564,Tier 1
14293,0.6812703748981256,Tier 2
14294,0.31691625916870414,Tier 4
14295,0.4979421352893236,Tier 3
14296,0.333908924205379,Tier 4
14297,0.33398023634881824,Tier 4
14298,0.8887785248573756,Tier 1
14299,0.7633659331703342,Tier 2
14301,0.4608903830480847,Tier 3
14302,0.45777811735941315,Tier 3
14303,0.3468062347188264,Tier 4
14304,0.6285401385493072,Tier 3
14306,0.5356866340668297,Tier 3
14307,0.7773838630806846,Tier 2
14309,0.7320293398533008,Tier 2
14310,0.31997758761206196,Tier 4
14311,0.4558170334148329,Tier 3
14312,0.7472799511002446,Tier 2
14314,0.12658414832925835,Tier 4
14315,0.5678076609616952,Tier 3
14316,0.5120874083129584,Tier 3
14318,0.20574062754686226,Tier 4
14319,0.26411471067644665,Tier 4
14320,0.6874388753056234,Tier 2
14321,0.5363029747351263,Tier 3
14322,0.36762938060309697,Tier 4
14323,0.326808272208639,Tier 4
14324,0.4469284841075794,Tier 3
14325,0.22020680521597394,Tier 4
14326,0.5703850855745721,Tier 3
14327,0.637810717196414,Tier 3
14329,0.7648329258353709,Tier 2
14330,0.1881061532192339,Tier 4
14332,0.4982019152404238,Tier 3
14334,0.8230847595762021,Tier 1
14336,0.6909178891605543,Tier 2
14338,0.6384525264873675,Tier 2
14339,0.44693357783211085,Tier 3
14340,0.3414934800325998,Tier 4
14341,0.812932966585167,Tier 1
14342,0.5101416055419723,Tier 3
14343,0.5761715566422168,Tier 3
14344,0.8642420537897311,Tier 1
14346,0.657492868785656,Tier 2
14347,0.12818357783211085,Tier 4
14348,0.4016707416462918,Tier 4
14350,0.5490270986145069,Tier 3
14352,0.5672982885085575,Tier 3
14353,0.5320242461287694,Tier 3
14355,0.5488691931540343,Tier 3
14358,0.33991951915240426,Tier 4
14361,0.20291361043194783,Tier 4
14363,0.3173848818255909,Tier 4
14364,0.6067695599022005,Tier 3
14365,0.45778830480847593,Tier 3
14366,0.17128158109209451,Tier 4
14367,0.7622096577017116,Tier 2
14368,0.28230949470252653,Tier 4
14369,0.3307202526487367,Tier 4
14370,0.4974938875305624,Tier 3
14371,0.27020171149144256,Tier 4
14372,0.38326711491442544,Tier 4
14373,0.2464242053789731,Tier 4
14374,0.1672881010594947,Tier 4
14375,0.4756112469437653,Tier 3
14376,0.18930827220863894,Tier 4
14377,0.3541259168704156,Tier 4
14378,0.16100753871230644,Tier 4
14379,0.5986858190709046,Tier 3
14381,0.3295436022819886,Tier 4
14382,0.3540036674816626,Tier 4
14384,0.1611297881010595,Tier 4
14386,0.2873013447432763,Tier 4
14388,0.8369855338223309,Tier 1
14389,0.4085421760391198,Tier 4
14390,0.7734616951915241,Tier 2
14391,0.17932966585167073,Tier 4
14392,0.2550325998370008,Tier 4
14393,0.32421556642216787,Tier 4
14394,0.15748777506112469,Tier 4
14395,0.8477485737571312,Tier 1
14396,0.6784178891605541,Tier 2
14397,0.48314486552567243,Tier 3
14398,0.4604370415647922,Tier 3
14399,0.6530002037489814,Tier 2
14400,0.43859515077424616,Tier 3
14401,0.7238844743276284,Tier 2
14402,0.19898634881825591,Tier 4
14403,0.6037337000814996,Tier 3
14404,0.7218724531377342,Tier 2
14405,0.253010391198044,Tier 4
14407,0.5495313773431133,Tier 3
14408,0.700310717196414,Tier 2
14409,0.646663610431948,Tier 2
14410,0.7937143439282803,Tier 2
14411,0.4471933577832111,Tier 3
14412,0.3692695599022005,Tier 4
14413,0.5065963732681336,Tier 3
14414,0.517277913610432,Tier 3
14415,0.8800835370823145,Tier 1
14417,0.40792583537082316,Tier 4
14419,0.5562805623471883,Tier 3
14420,0.49200285248573755,Tier 3
14421,0.7243072534637326,Tier 2
14422,0.8037642624286879,Tier 2
14423,0.5460574572127139,Tier 3
14425,0.3949317440912795,Tier 4
14426,0.7700183374083129,Tier 2
14427,0.41948349633251836,Tier 4
14428,0.41633048084759583,Tier 4
14429,0.34331703341483294,Tier 4
14430,0.4182457212713936,Tier 4
14431,0.6431489405052975,Tier 2
14433,0.2947789323553382,Tier 4
14435,0.16616748166259168,Tier 4
14436,0.18173390383048083,Tier 4
14437,0.5393031784841075,Tier 3
14438,0.2823247758761206,Tier 4
14439,0.7498420945395272,Tier 2
14440,0.7205786471067644,Tier 2
14441,0.7178484107579461,Tier 2
14442,0.8031682966585167,Tier 2
14443,0.5431183781581093,Tier 3
14444,0.19715770171149144,Tier 4
14445,0.25623471882640586,Tier 4
14446,0.5440963732681336,Tier 3
14447,0.7042736348818257,Tier 2
14448,0.2685870008149959,Tier 4
14449,0.7502801548492257,Tier 2
14450,0.6573247758761207,Tier 2
14451,0.8302720048899755,Tier 1
14452,0.4238131621841891,Tier 3
14454,0.5703443357783211,Tier 3
14455,0.4529594539527302,Tier 3
14457,0.26842400162999186,Tier 4
14458,0.3177567237163814,Tier 4
14459,0.3883812143439283,Tier 4
14460,0.5338681744091279,Tier 3
14461,0.8045436022819887,Tier 2
14462,0.7060768133659331,Tier 2
14463,0.4931744091279543,Tier 3
14464,0.21952933985330073,Tier 4
14465,0.8225855745721271,Tier 1
14466,0.7612673186634067,Tier 2
14467,0.7228504482477587,Tier 2
14468,0.17226976365118174,Tier 4
14469,0.619789119804401,Tier 3
14470,0.4989150366748166,Tier 3
14471,0.3408771393643032,Tier 4
14472,0.7113691931540342,Tier 2
14473,0.27070599022004893,Tier 4
14474,0.360192542787286,Tier 4
14475,0.40589853300733497,Tier 4
14476,0.34244091279543604,Tier 4
14477,0.4800988182559088,Tier 3
14478,0.5932151589242054,Tier 3
14479,0.6713579869600652,Tier 2
14480,0.47264160554197227,Tier 3
14481,0.6422677261613691,Tier 2
14482,0.7326711491442542,Tier 2
14483,0.3995823145884271,Tier 4
14484,0.4907345150774246,Tier 3
14486,0.25214955175224124,Tier 4
14487,0.3254635289323553,Tier 4
14489,0.7282192339038305,Tier 2
14490,0.5187805623471882,Tier 3
14491,0.24919519152404238,Tier 4
14492,0.5781937652811735,Tier 3
14493,0.6318765281173594,Tier 3
14494,0.33087306438467806,Tier 4
14495,0.059927669111654445,Tier 4
14496,0.6602638549307254,Tier 2
14497,0.44798797881010594,Tier 3
14498,0.7022565199674002,Tier 2
14499,0.6285197636511817,Tier 3
14501,0.2530817033414833,Tier 4
14502,0.6736043194784026,Tier 2
14504,0.5818663406682967,Tier 3
14505,0.8708995517522412,Tier 1
14506,0.6752852485737573,Tier 2
14507,0.767333944580277,Tier 2
14508,0.4719233903830481,Tier 3
14509,0.19584352078239609,Tier 4
14510,0.510421760391198,Tier 3
14512,0.6942695599022004,Tier 2
14513,0.593856968215159,Tier 3
14514,0.8377546862265689,Tier 1
14515,0.7182151589242053,Tier 2
14516,0.22275876120619398,Tier 4
14519,0.26982986960065203,Tier 4
14520,0.28936939690301544,Tier 4
14521,0.15500203748981253,Tier 4
14522,0.7068714343928282,Tier 2
14524,0.7801955990220049,Tier 2
14525,0.8216687041564791,Tier 1
14526,0.31691625916870414,Tier 4
14527,0.8961644254278728,Tier 1
14530,0.781209250203749,Tier 2
14531,0.2893184596577017,Tier 4
14532,0.8092654849225754,Tier 1
14533,0.5912999185004074,Tier 3
14534,0.8532141401792992,Tier 1
14535,0.777740423797881,Tier 2
14536,0.33723512632436836,Tier 4
14537,0.14560411572942134,Tier 4
14538,0.6222850448247759,Tier 3
14540,0.7308425020374898,Tier 2
14541,0.8152098614506926,Tier 1
14543,0.8524857375713121,Tier 1
14544,0.601726772616137,Tier 3
14545,0.2378412795436023,Tier 4
14546,0.8105236348818255,Tier 1
14548,0.7149195191524043,Tier 2
14549,0.61819478402608,Tier 3
14550,0.45258761206193965,Tier 3
14551,0.6677261613691933,Tier 2
14552,0.4341585167074165,Tier 3
14553,0.7137836185819072,Tier 2
14555,0.6607375713121434,Tier 2
14556,0.4747096577017115,Tier 3
14558,0.315968826405868,Tier 4
14559,0.21547473512632434,Tier 4
14560,0.8670334148329258,Tier 1
14562,0.818938467807661,Tier 1
14563,0.42436328443357785,Tier 3
14564,0.4886053382233089,Tier 3
14565,0.7071515892420538,Tier 2
14566,0.5371638141809292,Tier 3
14568,0.3308934392828036,Tier 4
14569,0.382559087204564,Tier 4
14570,0.5411674816625917,Tier 3
14571,0.2503310920945395,Tier 4
14572,0.7568765281173594,Tier 2
14573,0.7961287693561532,Tier 2
14574,0.1534892013039935,Tier 4
14575,0.32625305623471884,Tier 4
14576,0.22747555012224938,Tier 4
14577,0.687270782396088,Tier 2
14579,0.22102689486552568,Tier 4
14580,0.1507589649551752,Tier 4
14581,0.2580531784841076,Tier 4
14583,0.7041004482477589,Tier 2
14584,0.7760798696006519,Tier 2
14585,0.5736552567237165,Tier 3
14586,0.27509168704156484,Tier 4
14587,0.7323196821515893,Tier 2
14588,0.18130603096984516,Tier 4
14589,0.2319936837815811,Tier 4
14590,0.6650672371638142,Tier 2
14591,0.40818561532192343,Tier 4
14593,0.8359515077424613,Tier 1
14594,0.32354319478402604,Tier 4
14595,0.5125356560717196,Tier 3
14596,0.23352689486552566,Tier 4
14597,0.587082314588427,Tier 3
14598,0.1541106356968215,Tier 4
14599,0.4479115729421353,Tier 3
14600,0.533572738386308,Tier 3
14602,0.20724837000814997,Tier 4
14603,0.4086746128769356,Tier 4
14604,0.1758048084759576,Tier 4
14605,0.586878565607172,Tier 3
14606,0.9144203341483292,Tier 1
14607,0.7668958842705785,Tier 2
14608,0.59005195599022,Tier 3
14609,0.566885696821516,Tier 3
14610,0.2763294621026895,Tier 4
14611,0.3528983292583537,Tier 4
14612,0.3708486145069274,Tier 4
14613,0.1264364303178484,Tier 4
14614,0.3053025672371638,Tier 4
14615,0.5243021597392012,Tier 3
14616,0.5532192339038304,Tier 3
14617,0.30457925835370825,Tier 4
14618,0.5441167481662591,Tier 3
14619,0.552781173594132,Tier 3
14620,0.4775061124694377,Tier 3
14621,0.5809596577017114,Tier 3
14623,0.6983343520782397,Tier 2
14624,0.4774959250203749,Tier 3
14625,0.8481968215158924,Tier 1
14626,0.7654951100244499,Tier 2
14627,0.29709148329258356,Tier 4
14628,0.6896546454767727,Tier 2
14630,0.2702373675631622,Tier 4
14631,0.6729574164629176,Tier 2
14632,0.30025468622656887,Tier 4
14633,0.38488182559087203,Tier 4
14634,0.5413406682966585,Tier 3
14635,0.23283924205378975,Tier 4
14636,0.3611297881010595,Tier 4
14637,0.14095354523227382,Tier 4
14639,0.6837968622656887,Tier 2
14640,0.6815912795436022,Tier 2
14643,0.5632589649551752,Tier 3
14644,0.6069834963325184,Tier 3
14645,0.42519356153219234,Tier 3
14646,0.9315454360228199,Tier 1
14647,0.5734515077424613,Tier 3
14648,0.7036420130399348,Tier 2
14649,0.7869549714751426,Tier 2
14650,0.14446312143439283,Tier 4
14651,0.8070497147514262,Tier 1
14653,0.6839343928280359,Tier 2
14654,0.20479828850855747,Tier 4
14655,0.6707110839445802,Tier 2
14656,0.5982783211083944,Tier 3
14657,0.6067542787286063,Tier 3
14659,0.6526436430317848,Tier 2
14662,0.724042379788101,Tier 2
14663,0.414308272208639,Tier 4
14665,0.6387988997555012,Tier 2
14667,0.8847799511002445,Tier 1
14668,0.19666361043194783,Tier 4
14669,0.8078799918500408,Tier 1
14670,0.5764975550122249,Tier 3
14671,0.444142216788916,Tier 3
14672,0.6803636919315403,Tier 2
14673,0.6057202526487366,Tier 3
14674,0.205710065199674,Tier 4
14675,0.3911674816625917,Tier 4
14676,0.8041615729421353,Tier 2
14677,0.1909637326813366,Tier 4
14678,0.2028779543602282,Tier 4
14679,0.5039985737571312,Tier 3
14680,0.8939333740831295,Tier 1
14681,0.6256163406682966,Tier 3
14682,0.7611756316218419,Tier 2
14683,0.19079054604726978,Tier 4
14684,0.6534586389568053,Tier 2
14685,0.5987775061124695,Tier 3
14686,0.5407599837000815,Tier 3
14687,0.4437958435207824,Tier 3
14688,0.8749847188264058,Tier 1
14689,0.36353911980440096,Tier 4
14690,0.4205939282803586,Tier 4
14691,0.4542532599837001,Tier 3
14692,0.7419926650366749,Tier 2
14693,0.6399653626731867,Tier 2
14694,0.20593418907905459,Tier 4
14695,0.4771240831295844,Tier 3
14696,0.6343775468622657,Tier 3
14697,0.4438264058679706,Tier 3
14699,0.6395476772616138,Tier 2
14700,0.6751171556642217,Tier 2
14701,0.7955837408312959,Tier 2
14702,0.7927159739201304,Tier 2
14704,0.3591330480847596,Tier 4
14705,0.3891147106764466,Tier 4
14706,0.2540647921760391,Tier 4
14707,0.25825692746536266,Tier 4
14708,0.47694070904645475,Tier 3
14709,0.8328850855745722,Tier 1
14710,0.683582925835371,Tier 2
14711,0.7303382233088834,Tier 2
14712,0.2931183781581092,Tier 4
14713,0.8199317440912794,Tier 1
14714,0.43640484922575384,Tier 3
14715,0.66065097799511,Tier 2
14716,0.27445497147514264,Tier 4
14717,0.07032396088019559,Tier 4
14718,0.2553535044824776,Tier 4
14719,0.3838783618581907,Tier 4
14721,0.265469641401793,Tier 4
14722,0.3515841483292584,Tier 4
14723,0.6799205378973106,Tier 2
14724,0.2683017522412388,Tier 4
14725,0.4305470660146699,Tier 3
14726,0.1600091687041565,Tier 4
14727,0.4765230236348818,Tier 3
14728,0.2472544824775876,Tier 4
14729,0.5332314588427058,Tier 3
14730,0.591794009779951,Tier 3
14731,0.4866544417277913,Tier 3
14732,0.8070395273023635,Tier 1
14733,0.8714191116544417,Tier 1
14734,0.49247147514262424,Tier 3
14735,0.910340260798696,Tier 1
14736,0.37746536267318664,Tier 4
14737,0.5839292991035046,Tier 3
14738,0.6943357783211084,Tier 2
14739,0.851227587612062,Tier 1
14740,0.8661725753871231,Tier 1
14741,0.5212866748166259,Tier 3
14742,0.3455735533822331,Tier 4
14743,0.14023023634881826,Tier 4
14744,0.7186583129584352,Tier 2
14745,0.6310717196414017,Tier 3
14746,0.45298492257538714,Tier 3
14747,0.32456703341483295,Tier 4
14748,0.737311532192339,Tier 2
14749,0.25680012224938875,Tier 4
14750,0.16979930725346373,Tier 4
14751,0.20709046454767727,Tier 4
14753,0.2607222901385493,Tier 4
14754,0.6153524857375713,Tier 3
14755,0.86065097799511,Tier 1
14756,0.5076253056234719,Tier 3
14758,0.8051955990220048,Tier 1
14759,0.4757182151589242,Tier 3
14760,0.20234311328443355,Tier 4
14761,0.39366850040749796,Tier 4
14762,0.4736348818255909,Tier 3
14766,0.8083384270578646,Tier 1
14767,0.27854523227383865,Tier 4
14769,0.8855847595762021,Tier 1
14770,0.7895222086389568,Tier 2
14771,0.3180776283618582,Tier 4
14773,0.10540953545232273,Tier 4
14774,0.22016605541972287,Tier 4
14775,0.35304604726976363,Tier 4
14776,0.7288916055419723,Tier 2
14777,0.21914221678891604,Tier 4
14778,0.35692237163814183,Tier 4
14779,0.5036369193154033,Tier 3
14782,0.29207925835370824,Tier 4
14783,0.15223614506927466,Tier 4
14784,0.38496841890790545,Tier 4
14786,0.1612825998370008,Tier 4
14787,0.19407599837000816,Tier 4
14788,0.28351161369193156,Tier 4
14790,0.7291462917685412,Tier 2
14791,0.22864710676446617,Tier 4
14793,0.27785757946210266,Tier 4
14794,0.7186226568867154,Tier 2
14796,0.8414374490627546,Tier 1
14797,0.24375509372453139,Tier 4
14798,0.5357121026894865,Tier 3
14799,0.16214853300733495,Tier 4
14800,0.8175071312143439,Tier 1
14803,0.4962408312958435,Tier 3
14805,0.5783109209453952,Tier 3
14806,0.1966687041564792,Tier 4
14807,0.4302363488182559,Tier 3
14809,0.35859311328443355,Tier 4
14810,0.8201558679706602,Tier 1
14811,0.2818154034229829,Tier 4
14812,0.21455786471067645,Tier 4
14813,0.5942899348003261,Tier 3
14814,0.20180317848410756,Tier 4
14816,0.4212815810920945,Tier 4
14817,0.8118632844335777,Tier 1
14818,0.6009015892420537,Tier 3
14819,0.5704462102689487,Tier 3
14820,0.5491340668296658,Tier 3
14821,0.6494295028524857,Tier 2
14822,0.1984922575387123,Tier 4
14823,0.5129074979625102,Tier 3
14824,0.6429350040749797,Tier 2
14825,0.8514771801140996,Tier 1
14826,0.3050020374898125,Tier 4
14828,0.8764007742461288,Tier 1
14829,0.5721678891605542,Tier 3
14831,0.4276487367563162,Tier 3
14833,0.17371128769356153,Tier 4
14834,0.4855440097799511,Tier 3
14835,0.22173492257538713,Tier 4
14837,0.766860228198859,Tier 2
14838,0.46161878565607173,Tier 3
14839,0.512810717196414,Tier 3
14840,0.3928127546862266,Tier 4
14841,0.8196108394458028,Tier 1
14842,0.25878667481662593,Tier 4
14843,0.23024144254278728,Tier 4
14844,0.7618327220863896,Tier 2
14845,0.15977485737571312,Tier 4
14846,0.23452526487367562,Tier 4
14847,0.43084250203748986,Tier 3
14848,0.28283414832925835,Tier 4
14849,0.869396903015485,Tier 1
14850,0.6678433170334148,Tier 2
14851,0.492940097799511,Tier 3
14852,0.7737622249388753,Tier 2
14853,0.6181998777506111,Tier 3
14854,0.7491238793806031,Tier 2
14855,0.6656173594132029,Tier 2
14857,0.5816167481662592,Tier 3
14858,0.20435004074979624,Tier 4
14859,0.5068154034229829,Tier 3
14861,0.5960472697636512,Tier 3
14865,0.33283414832925834,Tier 4
14866,0.6891198044009781,Tier 2
14867,0.7854981662591686,Tier 2
14868,0.7272412387938061,Tier 2
14869,0.5877597799511003,Tier 3
14870,0.6451558679706603,Tier 2
14871,0.6892929910350449,Tier 2
14872,0.4070242461287694,Tier 4
14873,0.6078596169519153,Tier 3
14874,0.16992155664221678,Tier 4
14875,0.5420232273838631,Tier 3
14876,0.2849786063569682,Tier 4
14877,0.40994804400977997,Tier 4
14878,0.8585523634881825,Tier 1
14879,0.1933272208638957,Tier 4
14880,0.28814690301548496,Tier 4
14882,0.6576354930725347,Tier 2
14883,0.4274042379788101,Tier 3
14884,0.14831397718011408,Tier 4
14885,0.36526079869600653,Tier 4
14886,0.39833435207823964,Tier 4
14888,0.4506367155664222,Tier 3
14889,0.2731968215158924,Tier 4
14890,0.596801140994295,Tier 3
14891,0.4107273838630807,Tier 4
14892,0.17752648736756316,Tier 4
14893,0.22963019559902204,Tier 4
14894,0.3566065607171964,Tier 4
14895,0.8863029747351264,Tier 1
14896,0.7751528117359413,Tier 2
14897,0.6452475550122249,Tier 2
14898,0.7657956397718012,Tier 2
14899,0.4836949877750611,Tier 3
14900,0.14942440912795435,Tier 4
14901,0.587337000814996,Tier 3
14902,0.3956550529747352,Tier 4
14903,0.6857019152404239,Tier 2
14904,0.448527913610432,Tier 3
14905,0.6961491442542788,Tier 2
14907,0.6942899348003261,Tier 2
14908,0.18100550122249387,Tier 4
14909,0.47373166259168703,Tier 3
14911,0.9157447025264874,Tier 1
14912,0.5935004074979625,Tier 3
14913,0.7662286063569683,Tier 2
14915,0.6920537897310514,Tier 2
14916,0.6221729828850856,Tier 3
14917,0.417130195599022,Tier 4
14918,0.6898736756316219,Tier 2
14919,0.25176752241238787,Tier 4
14920,0.7079207416462918,Tier 2
14921,0.5711389568052161,Tier 3
14922,0.48282905460472697,Tier 3
14924,0.5958638956805216,Tier 3
14926,0.3105083537082315,Tier 4
14927,0.3012632436837816,Tier 4
14928,0.14056642216788917,Tier 4
14929,0.3477842298288508,Tier 4
14930,0.6806336593317034,Tier 2
14931,0.29332722086389573,Tier 4
14932,0.4561735941320293,Tier 3
14933,0.4670436022819886,Tier 3
14934,0.633058272208639,Tier 3
14935,0.5982070089649552,Tier 3
14936,0.7365525672371639,Tier 2
14938,0.4412184189079055,Tier 3
14940,0.40916870415647916,Tier 4
14941,0.183139771801141,Tier 4
14942,0.441982477587612,Tier 3
14943,0.14074470252648735,Tier 4
14944,0.8096729828850855,Tier 1
14945,0.23993989405052973,Tier 4
14947,0.5277760798696006,Tier 3
14948,0.39189079054604725,Tier 4
14949,0.36592298288508557,Tier 4
14952,0.879925631621842,Tier 1
14953,0.46361552567237163,Tier 3
14954,0.20008149959250204,Tier 4
14955,0.186150162999185,Tier 4
14956,0.3853555419722901,Tier 4
14957,0.44034229828850857,Tier 3
14958,0.5958995517522412,Tier 3
14959,0.5225601059494702,Tier 3
14961,0.8432202526487368,Tier 1
14962,0.4984515077424613,Tier 3
14963,0.6514415240423798,Tier 2
14964,0.348380195599022,Tier 4
14966,0.589700488997555,Tier 3
14967,0.504818663406683,Tier 3
14968,0.3041768541157294,Tier 4
14969,0.30194580277098615,Tier 4
14970,0.7409688264058679,Tier 2
14972,0.2181896903015485,Tier 4
14973,0.4520323960880196,Tier 3
14975,0.2433017522412388,Tier 4
14976,0.5583791768541158,Tier 3
14977,0.12112876935615322,Tier 4
14978,0.7689333740831296,Tier 2
14979,0.2676854115729421,Tier 4
14980,0.17305929095354522,Tier 4
14981,0.41280052974735126,Tier 4
14982,0.23920130399348002,Tier 4
14983,0.19576711491442542,Tier 4
14984,0.5234973512632437,Tier 3
14985,0.5515230236348818,Tier 3
14986,0.48136715566422167,Tier 3
14987,0.5643643031784842,Tier 3
14988,0.8066829665851671,Tier 1
14989,0.23159127954360229,Tier 4
14990,0.3119295028524857,Tier 4
14991,0.2818204971475143,Tier 4
14992,0.25246026894865525,Tier 4
14993,0.15384576202118988,Tier 4
14994,0.5582059902200489,Tier 3
14995,0.3268439282803586,Tier 4
14996,0.3716941727791361,Tier 4
14997,0.19052567237163814,Tier 4
14998,0.5817695599022006,Tier 3
14999,0.16559698451507743,Tier 4
15001,0.3565352485737571,Tier 4
15002,0.7774602689486552,Tier 2
15003,0.5486145069274654,Tier 3
15005,0.8989354115729423,Tier 1
15006,0.2835014262428688,Tier 4
15008,0.31427261613691926,Tier 4
15011,0.3873624694376528,Tier 4
15012,0.4684902200488998,Tier 3
15013,0.6395273023634882,Tier 2
15015,0.6120925020374898,Tier 3
15016,0.4617766911165444,Tier 3
15018,0.3793856968215159,Tier 4
15019,0.3941320293398533,Tier 4
15020,0.2963783618581907,Tier 4
15021,0.6948349633251834,Tier 2
15022,0.21041157294213528,Tier 4
15023,0.8520374898125509,Tier 1
15024,0.7573094947025265,Tier 2
15025,0.3402506112469438,Tier 4
15026,0.6447585574572128,Tier 2
15027,0.7365220048899755,Tier 2
15028,0.49632742461287693,Tier 3
15029,0.1660299511002445,Tier 4
15030,0.6394814588427058,Tier 2
15031,0.7464343928280359,Tier 2
15032,0.7468113284433577,Tier 2
15033,0.7003463732681336,Tier 2
15034,0.8365016299918502,Tier 1
15037,0.4276283618581907,Tier 3
15038,0.7180266911165445,Tier 2
15039,0.9232477587612061,Tier 1
15040,0.14531377343113283,Tier 4
15041,0.22658414832925836,Tier 4
15042,0.49863488182559085,Tier 3
15043,0.5866289731051344,Tier 3
15044,0.8726976365118175,Tier 1
15045,0.3119906275468623,Tier 4
15046,0.8905664221678892,Tier 1
15047,0.3844590464547677,Tier 4
15048,0.49014873675631626,Tier 3
15049,0.2886919315403423,Tier 4
15050,0.5437805623471883,Tier 3
15051,0.6582569274653627,Tier 2
15052,0.3245059087204564,Tier 4
15053,0.33816218418907906,Tier 4
15055,0.4509270578647107,Tier 3
15056,0.17251935615321923,Tier 4
15057,0.686960065199674,Tier 2
15058,0.7552669111654442,Tier 2
15059,0.7966534229828851,Tier 2
15061,0.8868174409127955,Tier 1
15062,0.7939079054604727,Tier 2
15063,0.41888243683781584,Tier 4
15064,0.5673186634066829,Tier 3
15065,0.622137326813366,Tier 3
15067,0.6447687449062754,Tier 2
15068,0.624918500407498,Tier 3
15070,0.5072330888345559,Tier 3
15071,0.5835676446617768,Tier 3
15072,0.21445089649551752,Tier 4
15073,0.6287082314588428,Tier 3
15074,0.4372045639771801,Tier 3
15076,0.3171556642216789,Tier 4
15077,0.42760289323553385,Tier 3
15078,0.873217196414018,Tier 1
15079,0.7951507742461289,Tier 2
15080,0.40398329258353705,Tier 4
15081,0.7515281173594132,Tier 2
15082,0.13815709046454766,Tier 4
15083,0.29452933985330076,Tier 4
15084,0.49316931540342296,Tier 3
15085,0.21186837815810922,Tier 4
15086,0.262000814995925,Tier 4
15087,0.35484922575387123,Tier 4
15090,0.37478096984515075,Tier 4
15091,0.2781428280358598,Tier 4
15092,0.5684036267318664,Tier 3
15093,0.8493123471882641,Tier 1
15094,0.23694478402607988,Tier 4
15095,0.8221678891605542,Tier 1
15097,0.3190505297473513,Tier 4
15100,0.5828799918500407,Tier 3
15101,0.5568510594947026,Tier 3
15102,0.36849022004889975,Tier 4
15104,0.6583689894050531,Tier 2
15105,0.45001528117359413,Tier 3
15106,0.5991544417277914,Tier 3
15107,0.5768795843520782,Tier 3
15108,0.347218826405868,Tier 4
15109,0.5658312958435208,Tier 3
15110,0.4590617359413203,Tier 3
15111,0.5725142624286879,Tier 3
15112,0.18408720456397715,Tier 4
15114,0.7201100244498777,Tier 2
15115,0.1064741238793806,Tier 4
15116,0.4723920130399348,Tier 3
15117,0.6900977995110025,Tier 2
15119,0.3694376528117359,Tier 4
15121,0.3514415240423798,Tier 4
15122,0.8178789731051345,Tier 1
15123,0.7966636104319478,Tier 2
15124,0.3035197636511817,Tier 4
15125,0.841508761206194,Tier 1
15126,0.3494702526487367,Tier 4
15127,0.2373624694376528,Tier 4
15128,0.5122555012224939,Tier 3
15129,0.8636002444987776,Tier 1
15131,0.21950387123064383,Tier 4
15132,0.5581805215973921,Tier 3
15133,0.6490067237163815,Tier 2
15134,0.5790444172779134,Tier 3
15135,0.3957314588427058,Tier 4
15137,0.3430776283618582,Tier 4
15138,0.2956958027709861,Tier 4
15139,0.410381010594947,Tier 4
15140,0.7670334148329259,Tier 2
15141,0.535177261613692,Tier 3
15142,0.5988233496332518,Tier 3
15143,0.5312296251018744,Tier 3
15144,0.8396699266503667,Tier 1
15145,0.5582518337408313,Tier 3
15146,0.4137479625101875,Tier 4
15147,0.40118174409127955,Tier 4
15149,0.46116544417277916,Tier 3
15150,0.7527506112469438,Tier 2
15151,0.5322279951100244,Tier 3
15152,0.20809392828035858,Tier 4
15154,0.47902913610431946,Tier 3
15155,0.3400213936430318,Tier 4
15157,0.5757844335778322,Tier 3
15158,0.17799001629991848,Tier 4
15159,0.8722799511002446,Tier 1
15160,0.5095558272208638,Tier 3
15161,0.26886715566422165,Tier 4
15162,0.13927261613691932,Tier 4
15163,0.40269967400163,Tier 4
15164,0.7705786471067645,Tier 2
15165,0.3742766911165444,Tier 4
15166,0.2110839445802771,Tier 4
15167,0.6894356153219234,Tier 2
15169,0.46377852485737575,Tier 3
15170,0.20605643846780766,Tier 4
15171,0.3756010594947025,Tier 4
15172,0.5850397310513447,Tier 3
15173,0.6179808475957621,Tier 3
15174,0.4599837000814996,Tier 3
15176,0.2876069682151589,Tier 4
15177,0.3863335370823146,Tier 4
15178,0.2823247758761206,Tier 4
15179,0.8160401385493073,Tier 1
15180,0.5365780358598207,Tier 3
15181,0.4636562754686227,Tier 3
15182,0.7217145476772616,Tier 2
15183,0.373028728606357,Tier 4
15184,0.3620313773431133,Tier 4
15186,0.4616850040749797,Tier 3
15187,0.4404900162999185,Tier 3
15188,0.2213325183374083,Tier 4
15189,0.8434138141809291,Tier 1
15190,0.38286980440097795,Tier 4
15191,0.43184087204563976,Tier 3
15192,0.546801140994295,Tier 3
15194,0.8827628361858191,Tier 1
15196,0.35521597392013043,Tier 4
15197,0.6176293806030969,Tier 3
15198,0.3614863488182559,Tier 4
15199,0.7348563569682152,Tier 2
15200,0.31867868785656067,Tier 4
15201,0.6346729828850857,Tier 3
15203,0.8784127954360228,Tier 1
15204,0.3235075387123064,Tier 4
15206,0.2667889160554197,Tier 4
15207,0.3926344743276283,Tier 4
15208,0.3399195191524042,Tier 4
15209,0.16831193969030156,Tier 4
15210,0.6579411165444173,Tier 2
15211,0.3564282803585982,Tier 4
15212,0.3511766503667482,Tier 4
15213,0.36013141809290955,Tier 4
15214,0.4536471067644662,Tier 3
15215,0.5416768541157294,Tier 3
15216,0.2557660961695192,Tier 4
15217,0.2815352485737571,Tier 4
15218,0.8337204563977181,Tier 1
15219,0.2405766096169519,Tier 4
15220,0.6129074979625102,Tier 3
15221,0.5474378565607172,Tier 3
15222,0.7094233903830481,Tier 2
15223,0.6462866748166258,Tier 2
15224,0.5119091279543602,Tier 3
15225,0.43205990220048895,Tier 3
15226,0.2872911572942135,Tier 4
15227,0.7830837408312958,Tier 2
15228,0.6878667481662593,Tier 2
15229,0.17785757946210268,Tier 4
15230,0.49247147514262424,Tier 3
15231,0.13882946210268948,Tier 4
15233,0.20118683781581093,Tier 4
15234,0.32504074979625097,Tier 4
15235,0.848894661776691,Tier 1
15236,0.3508302770986145,Tier 4
15237,0.6549612876935615,Tier 2
15240,0.7436073757131215,Tier 2
15241,0.7891096169519153,Tier 2
15242,0.2561990627546862,Tier 4
15243,0.3543551344743276,Tier 4
15244,0.45732477587612064,Tier 3
15245,0.7542736348818255,Tier 2
15246,0.6004839038304808,Tier 3
15247,0.3114659739201305,Tier 4
15248,0.5400825183374084,Tier 3
15249,0.8694121841890791,Tier 1
15250,0.133139771801141,Tier 4
15251,0.838121434392828,Tier 1
15252,0.4877190301548492,Tier 3
15253,0.47247351263243687,Tier 3
15254,0.35785961695191526,Tier 4
15255,0.6547167889160554,Tier 2
15256,0.15167074164629177,Tier 4
15257,0.42403728606356966,Tier 3
15258,0.4136715566422167,Tier 4
15259,0.5177821923390383,Tier 3
15260,0.8830939282803587,Tier 1
15261,0.5735890383048086,Tier 3
15262,0.4712255501222494,Tier 3
15264,0.23237571312143437,Tier 4
15265,0.724821719641402,Tier 2
15266,0.5468724531377342,Tier 3
15268,0.4088477995110025,Tier 4
15269,0.47707823960880197,Tier 3
15270,0.7903168296658516,Tier 2
15271,0.8464649551752242,Tier 1
15272,0.5778473920130398,Tier 3
15273,0.18373573757131212,Tier 4
15276,0.44694885900570497,Tier 3
15277,0.24659229828850857,Tier 4
15278,0.41601976365118176,Tier 4
15279,0.6028473920130398,Tier 3
15280,0.33058272208638956,Tier 4
15281,0.8788814180929094,Tier 1
15282,0.2615882233088835,Tier 4
15283,0.29358190709046456,Tier 4
15284,0.1547422575387123,Tier 4
15285,0.21060004074979624,Tier 4
15287,0.4227536674816626,Tier 3
15288,0.8510340260798694,Tier 1
15289,0.5647055827220864,Tier 3
15290,0.8376579054604727,Tier 1
15291,0.8140484922575386,Tier 1
15292,0.41474123879380603,Tier 4
15293,0.2046505704971475,Tier 4
15294,0.19711185819070903,Tier 4
15295,0.22425122249388754,Tier 4
15296,0.8218469845150774,Tier 1
15298,0.7898685819070904,Tier 2
15299,0.6565301548492257,Tier 2
15301,0.8658924205378973,Tier 1
15302,0.14155969845150773,Tier 4
15303,0.5614761613691932,Tier 3
15304,0.5478096984515077,Tier 3
15305,0.15772208638956806,Tier 4
15306,0.5790698859005705,Tier 3
15308,0.3015637734311329,Tier 4
15309,0.3942135289323554,Tier 4
15310,0.4243938467807661,Tier 3
15311,0.9194172779136104,Tier 1
15312,0.7852536674816626,Tier 2
15314,0.6131621841890791,Tier 3
15316,0.273731662591687,Tier 4
15317,0.07923797881010594,Tier 4
15319,0.3258302770986145,Tier 4
15321,0.7485381010594947,Tier 2
15322,0.35542481662591685,Tier 4
15323,0.3337713936430318,Tier 4
15324,0.15099327628361858,Tier 4
15325,0.6193001222493888,Tier 3
15326,0.6041004482477587,Tier 3
15328,0.2161420130399348,Tier 4
15329,0.6137988997555013,Tier 3
15331,0.4052974735126324,Tier 4
15332,0.735381010594947,Tier 2
15333,0.5301548492257537,Tier 3
15336,0.271408924205379,Tier 4
15337,0.2446261206193969,Tier 4
15338,0.24353096984515077,Tier 4
15339,0.6316982477587613,Tier 3
15340,0.1620721271393643,Tier 4
15341,0.2032599837000815,Tier 4
15346,0.46398227383863083,Tier 3
15347,0.5211644254278728,Tier 3
15350,0.44394865525672367,Tier 3
15351,0.5838172371638142,Tier 3
15352,0.20212917685411574,Tier 4
15353,0.7535554197229014,Tier 2
15356,0.7923797881010595,Tier 2
15358,0.8780256723716381,Tier 1
15359,0.30956092094539533,Tier 4
15361,0.5103708231458843,Tier 3
15362,0.4094233903830481,Tier 4
15363,0.4149755501222494,Tier 4
15364,0.3661165444172779,Tier 4
15365,0.7224327628361857,Tier 2
15366,0.6769050529747351,Tier 2
15367,0.7877139364303177,Tier 2
15368,0.27028830480847593,Tier 4
15369,0.6431489405052975,Tier 2
15370,0.7755042787286064,Tier 2
15371,0.1264618989405053,Tier 4
15372,0.5763753056234718,Tier 3
15373,0.7817339038304809,Tier 2
15374,0.15889364303178483,Tier 4
15375,0.12946210268948655,Tier 4
15376,0.5073706193969031,Tier 3
15377,0.5035554197229014,Tier 3
15378,0.29039832925835374,Tier 4
15379,0.8055521597392014,Tier 1
15380,0.5855134474327629,Tier 3
15381,0.6741493480032599,Tier 2
15382,0.8196363080684597,Tier 1
15384,0.5689741238793806,Tier 3
15385,0.4116799103504482,Tier 4
15387,0.29466177669111654,Tier 4
15388,0.3059749388753056,Tier 4
15389,0.5552414425427872,Tier 3
15390,0.5229726976365119,Tier 3
15391,0.15222595762021188,Tier 4
15392,0.587729217603912,Tier 3
15393,0.5822279951100244,Tier 3
15394,0.8280969845150775,Tier 1
15395,0.2632233088834556,Tier 4
15396,0.2543806030969845,Tier 4
15397,0.2748573757131214,Tier 4
15400,0.5721984515077425,Tier 3
15401,0.2931438467807661,Tier 4
15402,0.7392573349633251,Tier 2
15403,0.2579360228198859,Tier 4
15404,0.3025162999185004,Tier 4
15405,0.24286878565607173,Tier 4
15406,0.5737775061124695,Tier 3
15407,0.5066167481662591,Tier 3
15408,0.377618174409128,Tier 4
15409,0.08288508557457214,Tier 4
15410,0.815698859005705,Tier 1
15413,0.5153728606356968,Tier 3
15414,0.29930725346373266,Tier 4
15415,0.42567746536267315,Tier 3
15416,0.728443357783211,Tier 2
15418,0.4126477180114099,Tier 4
15420,0.534571108394458,Tier 3
15421,0.844626120619397,Tier 1
15422,0.6542634474327629,Tier 2
15423,0.20711083944580275,Tier 4
15424,0.5518948655256724,Tier 3
15425,0.6249032192339039,Tier 3
15426,0.6890994295028525,Tier 2
15428,0.49198247758761204,Tier 3
15430,0.3844132029339854,Tier 4
15431,0.18350142624286878,Tier 4
15432,0.10884270578647107,Tier 4
15433,0.5531937652811736,Tier 3
15434,0.754131010594947,Tier 2
15436,0.4963019559902201,Tier 3
15437,0.4917685411572942,Tier 3
15439,0.5667430725346373,Tier 3
15440,0.37769967400162996,Tier 4
15441,0.544142216788916,Tier 3
15442,0.418021597392013,Tier 4
15443,0.7128158109209454,Tier 2
15445,0.41477180114099427,Tier 4
15446,0.42804604726976364,Tier 3
15447,0.4915444172779136,Tier 3
15448,0.5192542787286063,Tier 3
15449,0.3267165851670742,Tier 4
15451,0.3462968622656887,Tier 4
15452,0.6859667889160554,Tier 2
15454,0.4074317440912796,Tier 4
15455,0.1369855338223309,Tier 4
15456,0.7558323145884269,Tier 2
15457,0.3883149959250204,Tier 4
15458,0.247570293398533,Tier 4
15459,0.29609820700896494,Tier 4
15460,0.34121332518337405,Tier 4
15461,0.2731815403422983,Tier 4
15462,0.3246281581092094,Tier 4
15464,0.5026079869600653,Tier 3
15465,0.8307406275468624,Tier 1
15466,0.5858241646291769,Tier 3
15468,0.36823044009779954,Tier 4
15469,0.21487367563162182,Tier 4
15470,0.14797269763651183,Tier 4
15471,0.5040342298288509,Tier 3
15473,0.23489710676446618,Tier 4
15474,0.1874745313773431,Tier 4
15476,0.5956041157294213,Tier 3
15477,0.21573960880195597,Tier 4
15478,0.29273634881825594,Tier 4
15479,0.15116136919315404,Tier 4
15480,0.49002139364303177,Tier 3
15481,0.47077730236348814,Tier 3
15482,0.7583740831295843,Tier 2
15483,0.6693459657701712,Tier 2
15484,0.44490118174409127,Tier 3
15485,0.6751528117359413,Tier 2
15486,0.1602638549307253,Tier 4
15487,0.18993480032599835,Tier 4
15488,0.3798746943765281,Tier 4
15489,0.7017624286878567,Tier 2
15490,0.18704665851670743,Tier 4
15491,0.6945700896495517,Tier 2
15493,0.7492715973920131,Tier 2
15494,0.5398685819070905,Tier 3
15495,0.30230745721271396,Tier 4
15496,0.1834606764466178,Tier 4
15497,0.7222137326813366,Tier 2
15498,0.8950081499592503,Tier 1
15499,0.19578239608801956,Tier 4
15501,0.4175733496332518,Tier 4
15502,0.7117155664221678,Tier 2
15503,0.43213630806845965,Tier 3
15504,0.32413916055419717,Tier 4
15506,0.5636766503667482,Tier 3
15508,0.5979523227383863,Tier 3
15509,0.2805317848410758,Tier 4
15510,0.29702526487367564,Tier 4
15512,0.4432406275468623,Tier 3
15513,0.9107324775876121,Tier 1
15514,0.8208078647106763,Tier 1
15515,0.25275061124694376,Tier 4
15517,0.3998675631621842,Tier 4
15518,0.7993174409127954,Tier 2
15519,0.4025112061939691,Tier 4
15521,0.8340362673186635,Tier 1
15523,0.7302414425427873,Tier 2
15524,0.16912184189079055,Tier 4
15525,0.45522616136919314,Tier 3
15527,0.81549511002445,Tier 1
15528,0.3683272208638957,Tier 4
15529,0.8424867563162184,Tier 1
15530,0.5801395680521597,Tier 3
15532,0.7355032599837001,Tier 2
15534,0.1574164629176854,Tier 4
15535,0.612785248573757,Tier 3
15536,0.27246841890790546,Tier 4
15538,0.49753973105134475,Tier 3
15540,0.30019356153219234,Tier 4
15542,0.45522616136919314,Tier 3
15543,0.43135187449062756,Tier 3
15544,0.8446872453137734,Tier 1
15545,0.2898685819070905,Tier 4
15546,0.3243581907090465,Tier 4
15547,0.9106306030969846,Tier 1
15548,0.19589955175224125,Tier 4
15549,0.6484922575387122,Tier 2
15550,0.6926854115729421,Tier 2
15551,0.577185207823961,Tier 3
15552,0.47317644661776687,Tier 3
15554,0.33083740831295844,Tier 4
15555,0.8880093724531377,Tier 1
15558,0.1341941727791361,Tier 4
15559,0.38607375713121433,Tier 4
15560,0.302159739201304,Tier 4
15561,0.715214955175224,Tier 2
15562,0.5168296658516707,Tier 3
15563,0.7682610024449877,Tier 2
15564,0.23425529747351265,Tier 4
15566,0.3289781988590057,Tier 4
15569,0.7123319070904646,Tier 2
15570,0.8865270986145068,Tier 1
15571,0.7458486145069274,Tier 2
15572,0.7646597392013041,Tier 2
15573,0.43573757131214347,Tier 3
15574,0.6002139364303177,Tier 3
15575,0.1332467400162999,Tier 4
15577,0.413432151589242,Tier 4
15579,0.5784331703341483,Tier 3
15580,0.6160452322738387,Tier 3
15581,0.848502444987775,Tier 1
15582,0.41049307253463735,Tier 4
15583,0.2779237978810106,Tier 4
15584,0.45909739201303995,Tier 3
15586,0.40825183374083124,Tier 4
15587,0.5324011817440913,Tier 3
15588,0.2520069274653627,Tier 4
15589,0.47961491442542786,Tier 3
15590,0.5904900162999185,Tier 3
15591,0.287581499592502,Tier 4
15594,0.31624898125509376,Tier 4
15595,0.2483598207008965,Tier 4
15596,0.7461848003259983,Tier 2
15597,0.21270374898125508,Tier 4
15598,0.28171352893235535,Tier 4
15599,0.6325285248573758,Tier 3
15600,0.506789934800326,Tier 3
15601,0.8993378158109209,Tier 1
15602,0.7738488182559088,Tier 2
15603,0.06241850040749796,Tier 4
15605,0.6671505704971474,Tier 2
15606,0.8380450285248575,Tier 1
15607,0.6539119804400978,Tier 2
15608,0.3843062347188264,Tier 4
15611,0.6836033007334963,Tier 2
15613,0.2725499185004075,Tier 4
15614,0.5547371638141809,Tier 3
15615,0.8844743276283619,Tier 1
15616,0.26549511002444987,Tier 4
15617,0.5060004074979625,Tier 3
15620,0.607773023634882,Tier 3
15622,0.8624694376528117,Tier 1
15623,0.6687907497962511,Tier 2
15624,0.4949674001629992,Tier 3
15625,0.7328392420537897,Tier 2
15626,0.4442135289323554,Tier 3
15627,0.38409739201303994,Tier 4
15628,0.7475142624286879,Tier 2
15629,0.5709199266503668,Tier 3
15630,0.5385391198044011,Tier 3
15631,0.3040698859005705,Tier 4
15632,0.6068408720456399,Tier 3
15633,0.631789934800326,Tier 3
15634,0.3139618989405053,Tier 4
15635,0.2146342705786471,Tier 4
15636,0.573283414832926,Tier 3
15637,0.46939690301548487,Tier 3
15638,0.5794875713121435,Tier 3
15639,0.34781988590057045,Tier 4
15640,0.8598003259983701,Tier 1
15641,0.8279187041564793,Tier 1
15642,0.13438264058679705,Tier 4
15643,0.37682864710676445,Tier 4
15644,0.5523329258353709,Tier 3
15645,0.32164832925835374,Tier 4
15646,0.5704156479217604,Tier 3
15647,0.235569478402608,Tier 4
15648,0.503901792991035,Tier 3
15649,0.5830939282803587,Tier 3
15650,0.3219692339038305,Tier 4
15651,0.586165444172779,Tier 3
15652,0.5385238386308068,Tier 3
15655,0.39378565607171967,Tier 4
15656,0.4688875305623472,Tier 3
15658,0.7574979625101874,Tier 2
15659,0.33193255908720454,Tier 4
15660,0.758343520782396,Tier 2
15661,0.6426803178484108,Tier 2
15662,0.26397718011409943,Tier 4
15664,0.4123268133659332,Tier 4
15665,0.7548645069274653,Tier 2
15666,0.42170436022819885,Tier 3
15668,0.3229013854930725,Tier 4
15669,0.3295232273838631,Tier 4
15670,0.36515383048084765,Tier 4
15671,0.5557049714751426,Tier 3
15672,0.12147514262428688,Tier 4
15673,0.8098767318663407,Tier 1
15674,0.8207722086389568,Tier 1
15675,0.40668296658516706,Tier 4
15676,0.42455684596577026,Tier 3
15677,0.4244957212713936,Tier 3
15678,0.5341228606356969,Tier 3
15680,0.6961593317033414,Tier 2
15681,0.682640586797066,Tier 2
15682,0.24892522412387938,Tier 4
15683,0.26351874490627547,Tier 4
15684,0.22119498777506116,Tier 4
15685,0.19438671556642217,Tier 4
15686,0.19365321923390383,Tier 4
15687,0.6122758761206194,Tier 3
15688,0.2598461695191524,Tier 4
15689,0.41080378973105136,Tier 4
15691,0.505939282803586,Tier 3
15693,0.12467909535452323,Tier 4
15694,0.8276640179299104,Tier 1
15695,0.6372707823960879,Tier 3
15696,0.7647463325183373,Tier 2
15697,0.19294519152404238,Tier 4
15698,0.1330684596577017,Tier 4
15702,0.21375814995925022,Tier 4
15703,0.32393031784841075,Tier 4
15704,0.6704818663406683,Tier 2
15705,0.37725142624286884,Tier 4
15708,0.7393795843520783,Tier 2
15709,0.43733190709046454,Tier 3
15710,0.43224327628361864,Tier 3
15711,0.33897208638956805,Tier 4
15712,0.710202730236349,Tier 2
15713,0.4531886715566422,Tier 3
15714,0.38985839445802767,Tier 4
15715,0.4630195599022005,Tier 3
15716,0.8517624286878567,Tier 1
15717,0.5949368378158109,Tier 3
15718,0.2385544009779951,Tier 4
15719,0.892277913610432,Tier 1
15720,0.20160452322738387,Tier 4
15722,0.6949317440912794,Tier 2
15723,0.6014771801140995,Tier 3
15724,0.47932966585167075,Tier 3
15726,0.31705378973105136,Tier 4
15727,0.9225346373268135,Tier 1
15728,0.41540851670741646,Tier 4
15729,0.4139517114914425,Tier 4
15730,0.6161878565607173,Tier 3
15731,0.17092502037489812,Tier 4
15732,0.7345303585982069,Tier 2
15733,0.3065963732681336,Tier 4
15734,0.6815454360228199,Tier 2
15735,0.2893286471067644,Tier 4
15736,0.4737622249388753,Tier 3
15737,0.3770273023634882,Tier 4
15738,0.8717145476772615,Tier 1
15741,0.2847086389568052,Tier 4
15742,0.20880704971475145,Tier 4
15745,0.39331703341483293,Tier 4
15747,0.6181030969845152,Tier 3
15748,0.3608292583537082,Tier 4
15749,0.6512887123064385,Tier 2
15750,0.765805827220864,Tier 2
15751,0.5809596577017115,Tier 3
15752,0.7573808068459658,Tier 2
15753,0.258679706601467,Tier 4
15754,0.7270527709861451,Tier 2
15755,0.8206958027709862,Tier 1
15756,0.511567848410758,Tier 3
15757,0.7812958435207824,Tier 2
15759,0.5948960880195598,Tier 3
15761,0.20067746536267317,Tier 4
15764,0.6205175224123881,Tier 3
15765,0.24669417277913608,Tier 4
15766,0.3078748981255094,Tier 4
15768,0.9130501222493889,Tier 1
15769,0.8561532192339039,Tier 1
15770,0.2332518337408313,Tier 4
15771,0.43928280358598204,Tier 3
15772,0.27074674001629995,Tier 4
15773,0.2610584759576202,Tier 4
15774,0.5278779543602282,Tier 3
15775,0.3893948655256723,Tier 4
15777,0.6675173186634067,Tier 2
15778,0.27210167074164626,Tier 4
15779,0.2523278321108394,Tier 4
15780,0.4844539527302363,Tier 3
15781,0.2647667074164629,Tier 4
15782,0.3377495925020375,Tier 4
15784,0.4273329258353708,Tier 3
15785,0.8341687041564791,Tier 1
15786,0.530440097799511,Tier 3
15788,0.1539781988590057,Tier 4
15789,0.6569885900570498,Tier 2
15791,0.7348257946210269,Tier 2
15792,0.49100448247758766,Tier 3
15793,0.650606153219234,Tier 2
15794,0.3474684189079055,Tier 4
15795,0.6084810513447434,Tier 3
15796,0.8308068459657703,Tier 1
15797,0.6944070904645476,Tier 2
15798,0.5292074164629177,Tier 3
15799,0.532289119804401,Tier 3
15800,0.6731204156479218,Tier 2
15803,0.5227740423797881,Tier 3
15804,0.5154594539527302,Tier 3
15805,0.8795843520782395,Tier 1
15806,0.35679502852485734,Tier 4
15807,0.41407396088019566,Tier 4
15808,0.8108649144254279,Tier 1
15809,0.6784637326813366,Tier 2
15810,0.7184953137734311,Tier 2
15811,0.7527302363488182,Tier 2
15812,0.7543500407497962,Tier 2
15813,0.6393693969030154,Tier 2
15814,0.44127444987775055,Tier 3
15815,0.6387174001629992,Tier 2
15816,0.1901028932355338,Tier 4
15817,0.612703748981255,Tier 3
15818,0.23386308068459657,Tier 4
15819,0.8311939690301549,Tier 1
15820,0.3110177261613692,Tier 4
15822,0.5664985737571312,Tier 3
15823,0.45739608801955994,Tier 3
15824,0.42598308883455577,Tier 3
15826,0.6146138956805217,Tier 3
15827,0.7835727383863081,Tier 2
15828,0.4739405052974735,Tier 3
15831,0.2727332925835371,Tier 4
15832,0.5007640586797066,Tier 3
15833,0.12577933985330073,Tier 4
15834,0.7078443357783211,Tier 2
15835,0.4857885085574572,Tier 3
15837,0.2889568052159739,Tier 4
15838,0.8320038712306438,Tier 1
15841,0.7272514262428688,Tier 2
15842,0.3664781988590057,Tier 4
15843,0.27811226568867153,Tier 4
15845,0.739267522412388,Tier 2
15846,0.26167991035044824,Tier 4
15847,0.5505908720456397,Tier 3
15848,0.1958791768541157,Tier 4
15850,0.5858139771801141,Tier 3
15851,0.17264669926650367,Tier 4
15852,0.4975855745721271,Tier 3
15854,0.8873319070904646,Tier 1
15855,0.6562296251018744,Tier 2
15856,0.9093622656886715,Tier 1
15857,0.25245008149959247,Tier 4
15858,0.7447534637326813,Tier 2
15859,0.3116035044824776,Tier 4
15860,0.8040036674816626,Tier 2
15861,0.6946566829665853,Tier 2
15862,0.8548950692746535,Tier 1
15863,0.6114455990220049,Tier 3
15864,0.37512224938875305,Tier 4
15865,0.7110075387123065,Tier 2
15867,0.9102027302363489,Tier 1
15868,0.15080480847595762,Tier 4
15869,0.47791361043194786,Tier 3
15870,0.4765892420537897,Tier 3
15871,0.17908007334963325,Tier 4
15872,0.44865016299918503,Tier 3
15873,0.3113335370823146,Tier 4
15874,0.8637887123064385,Tier 1
15875,0.16339140179299105,Tier 4
15876,0.4710523634881826,Tier 3
15878,0.3380603096984515,Tier 4
15879,0.5896953952730237,Tier 3
15880,0.31854115729421356,Tier 4
15881,0.4782192339038305,Tier 3
15882,0.7193918092909536,Tier 2
15884,0.2547167889160554,Tier 4
15885,0.6256519967400163,Tier 3
15886,0.5019763651181743,Tier 3
15887,0.5042328850855746,Tier 3
15888,0.35189486552567234,Tier 4
15889,0.6453341483292584,Tier 2
15890,0.47652302363488186,Tier 3
15891,0.48532497962510185,Tier 3
15892,0.18780052974735126,Tier 4
15893,0.22897819885900572,Tier 4
15894,0.4462815810920946,Tier 3
15897,0.4882233088834556,Tier 3
15898,0.8415698859005705,Tier 1
15899,0.23627241238793803,Tier 4
15900,0.42777607986960065,Tier 3
15901,0.33483088834555824,Tier 4
15902,0.26753259983700084,Tier 4
15903,0.7325692746536268,Tier 2
15905,0.19147819885900572,Tier 4
15906,0.7013549307253465,Tier 2
15907,0.432329869600652,Tier 3
15908,0.41506723716381416,Tier 4
15910,0.8411063569682153,Tier 1
15911,0.5598461695191523,Tier 3
15912,0.714323553382233,Tier 2
15913,0.14678076609616952,Tier 4
15914,0.3418143846780766,Tier 4
15915,0.3645222086389568,Tier 4
15916,0.7443612469437653,Tier 2
15917,0.6296862265688672,Tier 3
15918,0.47140892420537894,Tier 3
15919,0.32200998370008144,Tier 4
15920,0.46765994295028523,Tier 3
15921,0.46134881825590873,Tier 3
15922,0.26319274653626734,Tier 4
15923,0.2744295028524857,Tier 4
15924,0.145140586797066,Tier 4
15925,0.41907090464547675,Tier 4
15926,0.17484209453952732,Tier 4
15927,0.1547626324368378,Tier 4
15928,0.20492563162184188,Tier 4
15929,0.25510391198044013,Tier 4
15931,0.2512326813365933,Tier 4
15932,0.6333027709861451,Tier 3
15934,0.5187856560717197,Tier 3
15935,0.2578952730236349,Tier 4
15936,0.36576507742461284,Tier 4
15938,0.6893337408312958,Tier 2
15939,0.8428025672371637,Tier 1
15940,0.1794264466177669,Tier 4
15941,0.1656682966585167,Tier 4
15943,0.2629278728606357,Tier 4
15944,0.6530205786471068,Tier 2
15945,0.5234871638141809,Tier 3
15946,0.5209708638956805,Tier 3
15948,0.3492512224938875,Tier 4
15950,0.7214904237978811,Tier 2
15951,0.5080480847595762,Tier 3
15952,0.37851976365118173,Tier 4
15953,0.7979013854930725,Tier 2
15954,0.20066727791361041,Tier 4
15955,0.8563213121434392,Tier 1
15956,0.3625662184189079,Tier 4
15957,0.43335370823145886,Tier 3
15958,0.43267114914425425,Tier 3
15959,0.3998013447432763,Tier 4
15960,0.4348614506927465,Tier 3
15961,0.3773278321108394,Tier 4
15962,0.28514669926650366,Tier 4
15964,0.21156784841075796,Tier 4
15965,0.6955328035859821,Tier 2
15966,0.24092298288508554,Tier 4
15967,0.741452730236349,Tier 2
15968,0.37393031784841074,Tier 4
15969,0.37060411572942137,Tier 4
15970,0.5149602689486552,Tier 3
15971,0.692644661776691,Tier 2
15972,0.6010696821515893,Tier 3
15973,0.37371638141809294,Tier 4
15974,0.6523940505297474,Tier 2
15976,0.747096577017115,Tier 2
15978,0.47157701711491445,Tier 3
15979,0.24348003259983703,Tier 4
15980,0.7146291768541156,Tier 2
15981,0.8453290546047271,Tier 1
15982,0.263809087204564,Tier 4
15983,0.7249286878565608,Tier 2
15984,0.8553382233088833,Tier 1
15985,0.7463630806845967,Tier 2
15986,0.2683730643846781,Tier 4
15987,0.6802363488182559,Tier 2
15988,0.4075947432762836,Tier 4
15989,0.44493683781581095,Tier 3
15990,0.6993836593317033,Tier 2
15991,0.18121434392828034,Tier 4
15992,0.4812652811735942,Tier 3
15994,0.40354013854930726,Tier 4
15995,0.41163406682966586,Tier 4
15996,0.6467858598207008,Tier 2
15998,0.8016503667481661,Tier 2
15999,0.11357986960065199,Tier 4
16001,0.31710982070089655,Tier 4
16002,0.21255093724531376,Tier 4
16003,0.7306795028524857,Tier 2
16004,0.5947229013854931,Tier 3
16005,0.7148380195599022,Tier 2
16006,0.5397412387938061,Tier 3
16007,0.7493989405052974,Tier 2
16008,0.8665647921760391,Tier 1
16010,0.7428738793806031,Tier 2
16011,0.8156835778321109,Tier 1
16012,0.5519712713936431,Tier 3
16013,0.881586185819071,Tier 1
16014,0.5872504074979625,Tier 3
16016,0.7603962917685412,Tier 2
16017,0.5773787693561532,Tier 3
16018,0.36295843520782395,Tier 4
16019,0.8482630399348003,Tier 1
16021,0.45728911980440096,Tier 3
16022,0.4749083129584352,Tier 3
16023,0.5995517522412388,Tier 3
16024,0.33226874490627545,Tier 4
16027,0.6911929502852485,Tier 2
16028,0.14761104319478402,Tier 4
16029,0.872611043194784,Tier 1
16030,0.36847493887530564,Tier 4
16031,0.4066931540342298,Tier 4
16032,0.6271903015484923,Tier 3
16033,0.8682813773431132,Tier 1
16034,0.6928229421352894,Tier 2
16035,0.21839343928280358,Tier 4
16036,0.6707722086389567,Tier 2
16037,0.6267369600651996,Tier 3
16038,0.44840057049714754,Tier 3
16039,0.33207518337408315,Tier 4
16040,0.6448400570497148,Tier 2
16042,0.5373064384678077,Tier 3
16043,0.7627343113284435,Tier 2
16044,0.28419417277913606,Tier 4
16045,0.7354115729421353,Tier 2
16046,0.22447025264873677,Tier 4
16048,0.5006774653626732,Tier 3
16049,0.5618072534637326,Tier 3
16050,0.31754788101059495,Tier 4
16051,0.1740118174409128,Tier 4
16053,0.562958435207824,Tier 3
16054,0.4700947432762837,Tier 3
16055,0.3408720456397718,Tier 4
16057,0.7417176039119805,Tier 2
16058,0.2006469030154849,Tier 4
16059,0.7837713936430317,Tier 2
16060,0.4475550122249389,Tier 3
16061,0.1180266911165444,Tier 4
16062,0.7622605949470254,Tier 2
16063,0.3914731051344743,Tier 4
16064,0.15320904645476774,Tier 4
16065,0.6779339853300733,Tier 2
16067,0.4911878565607172,Tier 3
16068,0.19371434392828035,Tier 4
16069,0.3294926650366748,Tier 4
16071,0.45071821515892424,Tier 3
16072,0.7444784026079869,Tier 2
16073,0.20532803585982068,Tier 4
16074,0.2962713936430318,Tier 4
16075,0.3574419315403423,Tier 4
16076,0.4239812550937245,Tier 3
16077,0.30842502037489816,Tier 4
16078,0.45912286063569685,Tier 3
16080,0.4539374490627546,Tier 3
16081,0.7314180929095355,Tier 2
16082,0.15547575387123064,Tier 4
16083,0.5878463732681336,Tier 3
16084,0.4054859413202934,Tier 4
16085,0.7483801955990219,Tier 2
16086,0.78125,Tier 2
16087,0.5706346780766096,Tier 3
16088,0.4061124694376528,Tier 4
16089,0.3829818663406683,Tier 4
16090,0.19019967400163,Tier 4
16091,0.39539017929910353,Tier 4
16092,0.7020986145069273,Tier 2
16094,0.7368989405052974,Tier 2
16095,0.31233700081499594,Tier 4
16096,0.6658363895680521,Tier 2
16097,0.34534433577832113,Tier 4
16098,0.8025468622656886,Tier 2
16099,0.6401436430317848,Tier 2
16100,0.33867665036674816,Tier 4
16101,0.5243021597392014,Tier 3
16103,0.8156530154849225,Tier 1
16104,0.6416921352893236,Tier 2
16105,0.7397514262428688,Tier 2
16108,0.4775519559902201,Tier 3
16109,0.5722697636511818,Tier 3
16110,0.6502648736756316,Tier 2
16111,0.37048696006519966,Tier 4
16112,0.3354064792176039,Tier 4
16115,0.7763498370008151,Tier 2
16116,0.4375713121434393,Tier 3
16117,0.35691218418907905,Tier 4
16118,0.37167379788101057,Tier 4
16119,0.5931387530562346,Tier 3
16120,0.5198502444987776,Tier 3
16121,0.6496230643846781,Tier 2
16122,0.49837000814995924,Tier 3
16124,0.5930929095354524,Tier 3
16125,0.7793551344743277,Tier 2
16126,0.8146495517522412,Tier 1
16127,0.18568154034229828,Tier 4
16128,0.6864557864710676,Tier 2
16129,0.566590260798696,Tier 3
16130,0.5357885085574572,Tier 3
16131,0.8189231866340667,Tier 1
16132,0.3648482070089649,Tier 4
16133,0.8998777506112469,Tier 1
16134,0.5876528117359414,Tier 3
16135,0.5379176854115729,Tier 3
16136,0.3897921760391198,Tier 4
16137,0.25953545232273834,Tier 4
16138,0.48051650366748166,Tier 3
16139,0.6038406682966584,Tier 3
16140,0.4899500814995925,Tier 3
16141,0.2964955175224124,Tier 4
16142,0.45303076609616955,Tier 3
16143,0.7923237571312142,Tier 2
16144,0.3234566014669927,Tier 4
16145,0.7946312143439284,Tier 2
16146,0.6470863895680521,Tier 2
16147,0.5688416870415648,Tier 3
16148,0.3553738793806031,Tier 4
16149,0.21801140994295026,Tier 4
16150,0.6950030562347189,Tier 2
16152,0.5303229421352893,Tier 3
16153,0.7876018744906275,Tier 2
16155,0.5244753463732681,Tier 3
16156,0.8401487367563163,Tier 1
16158,0.4681081907090465,Tier 3
16159,0.5746587204563978,Tier 3
16161,0.899959250203749,Tier 1
16162,0.2878412795436023,Tier 4
16163,0.6879024042379788,Tier 2
16165,0.16062550937245312,Tier 4
16166,0.3035961695191524,Tier 4
16167,0.5467909535452322,Tier 3
16168,0.9020731458842706,Tier 1
16170,0.8251782803585981,Tier 1
16172,0.6443052159739202,Tier 2
16174,0.49003158109209455,Tier 3
16175,0.7262734311328443,Tier 2
16176,0.5296760391198044,Tier 3
16177,0.5660605134474327,Tier 3
16178,0.3209708638956805,Tier 4
16180,0.8489048492257539,Tier 1
16182,0.8002648736756317,Tier 2
16183,0.4730083537082314,Tier 3
16184,0.3649449877750611,Tier 4
16185,0.5103657294213528,Tier 3
16186,0.8553891605541972,Tier 1
16187,0.8226568867155666,Tier 1
16188,0.5500764058679707,Tier 3
16190,0.6815963732681336,Tier 2
16191,0.7799358190709046,Tier 2
16192,0.21418092909535452,Tier 4
16193,0.5422167889160554,Tier 3
16194,0.30486960065199675,Tier 4
16195,0.21687041564792175,Tier 4
16196,0.17053789731051344,Tier 4
16197,0.623273227383863,Tier 3
16198,0.3330429910350448,Tier 4
16199,0.5402658924205379,Tier 3
16200,0.7287540749796252,Tier 2
16201,0.261109413202934,Tier 4
16202,0.6896699266503666,Tier 2
16203,0.5791921352893236,Tier 3
16204,0.3976670741646292,Tier 4
16205,0.5512632436837817,Tier 3
16206,0.8124439690301548,Tier 1
16208,0.7793398533007334,Tier 2
16209,0.6955124286878565,Tier 2
16210,0.8739048492257538,Tier 1
16211,0.3825132436837816,Tier 4
16212,0.5549358190709047,Tier 3
16214,0.6684851263243683,Tier 2
16216,0.4852434800325998,Tier 3
16217,0.38246230643846785,Tier 4
16218,0.7706601466992665,Tier 2
16219,0.1566982477587612,Tier 4
16221,0.6901385493072535,Tier 2
16222,0.585202730236349,Tier 3
16223,0.5434341890790546,Tier 3
16224,0.6179299103504483,Tier 3
16225,0.7302006927465363,Tier 2
16226,0.6550122249388752,Tier 2
16227,0.5532345150774246,Tier 3
16228,0.47934494702526487,Tier 3
16229,0.7414170741646291,Tier 2
16230,0.39899144254278734,Tier 4
16231,0.5870415647921761,Tier 3
16232,0.6974989812550936,Tier 2
16233,0.6182049714751426,Tier 3
16234,0.3076354930725347,Tier 4
16235,0.6303789731051346,Tier 3
16237,0.2033975142624287,Tier 4
16238,0.19427974735126324,Tier 4
16239,0.5273736756316219,Tier 3
16241,0.8179655664221679,Tier 1
16242,0.8064435615321922,Tier 1
16244,0.6695293398533007,Tier 2
16245,0.36251018744906277,Tier 4
16246,0.4545283211083945,Tier 3
16249,0.6185004074979625,Tier 3
16250,0.5375254686226569,Tier 3
16251,0.19904237978810105,Tier 4
16252,0.24535961695191524,Tier 4
16253,0.7612978810105949,Tier 2
16254,0.5543143846780767,Tier 3
16255,0.7765586797066015,Tier 2
16256,0.5659942950285248,Tier 3
16258,0.8414883863080684,Tier 1
16259,0.44095863895680526,Tier 3
16261,0.5837357375713121,Tier 3
16262,0.35432457212713936,Tier 4
16263,0.29321006519967396,Tier 4
16264,0.4545741646291768,Tier 3
16265,0.7497147514262428,Tier 2
16266,0.7858751018744905,Tier 2
16267,0.1814028117359413,Tier 4
16269,0.31183272208638957,Tier 4
16270,0.48101568867155664,Tier 3
16271,0.6869396903015486,Tier 2
16273,0.2824877750611247,Tier 4
16274,0.36997758761206195,Tier 4
16275,0.7644916462917686,Tier 2
16276,0.4619040342298288,Tier 3
16277,0.18451507742461287,Tier 4
16278,0.3171454767726162,Tier 4
16279,0.684367359413203,Tier 2
16280,0.19137123064384676,Tier 4
16281,0.4124235941320294,Tier 4
16282,0.5720863895680521,Tier 3
16283,0.7457059902200489,Tier 2
16284,0.28834046454767726,Tier 4
16285,0.20158414832925836,Tier 4
16286,0.2578799918500408,Tier 4
16287,0.5300784433577832,Tier 3
16288,0.18973105134474327,Tier 4
16289,0.14980134474327628,Tier 4
16290,0.582681336593317,Tier 3
16292,0.49510493072534634,Tier 3
16293,0.8072076202118988,Tier 1
16294,0.18848308883455583,Tier 4
16296,0.4511155256723716,Tier 3
16297,0.2972035452322739,Tier 4
16298,0.3998217196414018,Tier 4
16299,0.14924103504482475,Tier 4
16300,0.5643286471067646,Tier 3
16301,0.13289017929910352,Tier 4
16303,0.6707161776691115,Tier 2
16304,0.24517624286878564,Tier 4
16306,0.6759117766911165,Tier 2
16307,0.5310819070904644,Tier 3
16308,0.7151487367563163,Tier 2
16309,0.4060105949470253,Tier 4
16310,0.39400977995110026,Tier 4
16312,0.22264669926650366,Tier 4
16314,0.5720609209453953,Tier 3
16315,0.42878973105134477,Tier 3
16316,0.8248064384678077,Tier 1
16317,0.5723207008964956,Tier 3
16319,0.4171862265688671,Tier 4
16320,0.7770018337408312,Tier 2
16321,0.4655307660961695,Tier 3
16323,0.5093266096169519,Tier 3
16325,0.7523125509372454,Tier 2
16326,0.7992817848410758,Tier 2
16327,0.8812958435207823,Tier 1
16328,0.23654747351263244,Tier 4
16329,0.5870975957620213,Tier 3
16330,0.4609107579462103,Tier 3
16331,0.5982783211083944,Tier 3
16332,0.5278983292583537,Tier 3
16333,0.8609260391198044,Tier 1
16334,0.275499185004075,Tier 4
16335,0.6091839853300733,Tier 3
16336,0.6300682559087205,Tier 3
16339,0.29419315403422985,Tier 4
16340,0.4933475957620212,Tier 3
16341,0.7276538304808476,Tier 2
16343,0.29615423797881013,Tier 4
16344,0.44915953545232273,Tier 3
16345,0.357329869600652,Tier 4
16346,0.2819427465362673,Tier 4
16347,0.6769967400162998,Tier 2
16348,0.6200488997555011,Tier 3
16349,0.27185717196414017,Tier 4
16350,0.6041819478402608,Tier 3
16351,0.7212561124694377,Tier 2
16353,0.828968011409943,Tier 1
16354,0.5364150366748166,Tier 3
16355,0.3117053789731052,Tier 4
16356,0.6089649551752242,Tier 3
16357,0.49694885900570496,Tier 3
16358,0.42247860635696816,Tier 3
16359,0.7612265688671556,Tier 2
16362,0.1696464955175224,Tier 4
16365,0.7232783211083944,Tier 2
16366,0.4855643846780766,Tier 3
16367,0.5217451100244499,Tier 3
16368,0.22615627546862266,Tier 4
16369,0.7517471475142625,Tier 2
16370,0.4329207416462918,Tier 3
16371,0.21219437652811735,Tier 4
16372,0.5018999592502038,Tier 3
16373,0.38251324368378153,Tier 4
16374,0.6911623879380602,Tier 2
16375,0.24907294213528933,Tier 4
16377,0.5360075387123064,Tier 3
16378,0.5033312958435208,Tier 3
16381,0.38180012224938875,Tier 4
16382,0.3906224531377343,Tier 4
16383,0.7100499185004076,Tier 2
16384,0.626874490627547,Tier 3
16385,0.5028830480847596,Tier 3
16386,0.5625611246943765,Tier 3
16387,0.6135187449062756,Tier 3
16388,0.1791106356968215,Tier 4
16389,0.5606356968215158,Tier 3
16390,0.37596780766096166,Tier 4
16391,0.5925275061124695,Tier 3
16392,0.6001273431132845,Tier 3
16393,0.8331092094539527,Tier 1
16394,0.4801650366748167,Tier 3
16395,0.722137326813366,Tier 2
16396,0.12222392013039934,Tier 4
16397,0.156789934800326,Tier 4
16398,0.46887734311328444,Tier 3
16399,0.521908109209454,Tier 3
16400,0.7097442950285249,Tier 2
16401,0.8098716381418092,Tier 1
16402,0.46098207008964953,Tier 3
16403,0.2302770986145069,Tier 4
16405,0.3487673186634067,Tier 4
16406,0.3371026894865526,Tier 4
16407,0.8084759576202118,Tier 1
16408,0.23951202118989404,Tier 4
16409,0.8342094539527303,Tier 1
16410,0.13892114914425427,Tier 4
16411,0.5477180114099429,Tier 3
16412,0.5034637326813366,Tier 3
16413,0.3237061939690301,Tier 4
16414,0.5569427465362673,Tier 3
16415,0.38293602281988587,Tier 4
16416,0.6581193969030155,Tier 2
16417,0.15729421352893236,Tier 4
16418,0.5935360635696822,Tier 3
16419,0.5772157701711491,Tier 3
16420,0.20887326813365933,Tier 4
16421,0.481438467807661,Tier 3
16422,0.8886715566422168,Tier 1
16424,0.23116850040749798,Tier 4
16425,0.35143643031784844,Tier 4
16426,0.36029951100244495,Tier 4
16427,0.3989405052974735,Tier 4
16428,0.5049663814180929,Tier 3
16430,0.5324521189894051,Tier 3
16431,0.6116493480032599,Tier 3
16433,0.2575234311328443,Tier 4
16434,0.7920232273838631,Tier 2
16435,0.5050631621841891,Tier 3
16436,0.29321006519967396,Tier 4
16437,0.3696464955175224,Tier 4
16439,0.20198655256723716,Tier 4
16440,0.556626935615322,Tier 3
16441,0.5578545232273838,Tier 3
16442,0.6612112876935614,Tier 2
16443,0.1816676854115729,Tier 4
16444,0.8622605949470253,Tier 1
16445,0.4700438060309699,Tier 3
16446,0.2720048899755501,Tier 4
16447,0.34420843520782396,Tier 4
16448,0.5553535044824776,Tier 3
16449,0.6106255093724531,Tier 3
16450,0.3671505704971475,Tier 4
16451,0.3537082314588427,Tier 4
16452,0.28862061939690303,Tier 4
16453,0.28604319478402607,Tier 4
16454,0.059362265688671555,Tier 4
16455,0.8085370823145884,Tier 1
16456,0.829467196414018,Tier 1
16457,0.3692848410757946,Tier 4
16458,0.8436328443357783,Tier 1
16459,0.1266401792991035,Tier 4
16461,0.4889720863895681,Tier 3
16462,0.26238284433577835,Tier 4
16463,0.37729217603911985,Tier 4
16465,0.3926446617766911,Tier 4
16466,0.8084963325183374,Tier 1
16467,0.5491187856560718,Tier 3
16468,0.41478198859005705,Tier 4
16469,0.5608954767726161,Tier 3
16470,0.8261715566422168,Tier 1
16471,0.5769865525672372,Tier 3
16472,0.43847290138549305,Tier 3
16473,0.4285197636511817,Tier 3
16475,0.3694885900570497,Tier 4
16476,0.22500509372453137,Tier 4
16477,0.8380552159739201,Tier 1
16481,0.17902913610431948,Tier 4
16483,0.4109922575387123,Tier 4
16485,0.5406835778321109,Tier 3
16486,0.17605440097799513,Tier 4
16487,0.2817339038304808,Tier 4
16489,0.35263854930725347,Tier 4
16490,0.1677312550937245,Tier 4
16491,0.33439792176039124,Tier 4
16492,0.27230541972290134,Tier 4
16493,0.6440097799511002,Tier 2
16494,0.4675988182559087,Tier 3
16495,0.4243480032599837,Tier 3
16496,0.7733037897310513,Tier 2
16497,0.9139007742461287,Tier 1
16499,0.6656784841075795,Tier 2
16500,0.4789272616136919,Tier 3
16501,0.4924969437652812,Tier 3
16502,0.29922066014669924,Tier 4
16503,0.807788304808476,Tier 1
16507,0.21021801140994295,Tier 4
16508,0.23224327628361857,Tier 4
16509,0.36078341483292586,Tier 4
16510,0.671587204563977,Tier 2
16511,0.6692186226568868,Tier 2
16515,0.7694529339853302,Tier 2
16517,0.32008964955175223,Tier 4
16518,0.48524857375713115,Tier 3
16519,0.44179910350448254,Tier 3
16520,0.7060920945395273,Tier 2
16521,0.5613233496332518,Tier 3
16522,0.3613437245313773,Tier 4
16523,0.8532141401792992,Tier 1
16524,0.35775774246128766,Tier 4
16525,0.9074419315403421,Tier 1
16526,0.2673441320293398,Tier 4
16527,0.4170996332518337,Tier 4
16529,0.5319223716381418,Tier 3
16530,0.1270425835370823,Tier 4
16531,0.6633761206193969,Tier 2
16532,0.5987163814180929,Tier 3
16534,0.30743174409127955,Tier 4
16535,0.3444936837815811,Tier 4
16537,0.12714445802770985,Tier 4
16538,0.3828647106764466,Tier 4
16539,0.8101976365118175,Tier 1
16540,0.2658007334963325,Tier 4
16541,0.19730032599837,Tier 4
16542,0.23129074979625103,Tier 4
16543,0.16078341483292583,Tier 4
16544,0.3175631621841891,Tier 4
16545,0.3137123064384678,Tier 4
16546,0.6898787693561531,Tier 2
16547,0.19105032599837002,Tier 4
16548,0.1403575794621027,Tier 4
16549,0.797030358598207,Tier 2
16550,0.813620619396903,Tier 1
16551,0.6483088834555828,Tier 2
16552,0.4692950285248573,Tier 3
16553,0.8976874490627548,Tier 1
16554,0.7134729013854929,Tier 2
16555,0.47416972290138554,Tier 3
16556,0.8575692746536268,Tier 1
16558,0.9032447025264873,Tier 1
16559,0.2582722086389568,Tier 4
16560,0.6859820700896495,Tier 2
16562,0.25272514262428686,Tier 4
16563,0.6104930725346372,Tier 3
16564,0.15426344743276282,Tier 4
16565,0.4714343928280359,Tier 3
16566,0.49228810105949466,Tier 3
16567,0.6270884270578647,Tier 3
16568,0.4220660146699266,Tier 3
16569,0.4783414832925835,Tier 3
16570,0.8207823960880196,Tier 1
16571,0.7115321923390382,Tier 2
16572,0.38024653626731864,Tier 4
16573,0.2799358190709046,Tier 4
16574,0.4656020782396088,Tier 3
16576,0.33924205378973105,Tier 4
16577,0.24651079869600653,Tier 4
16578,0.16856153219233902,Tier 4
16579,0.20023940505297474,Tier 4
16583,0.37887123064384676,Tier 4
16584,0.6537948247758761,Tier 2
16585,0.3009881825590872,Tier 4
16586,0.6243887530562349,Tier 3
16587,0.370828239608802,Tier 4
16588,0.5960065199674003,Tier 3
16589,0.20995313773431132,Tier 4
16590,0.3704054604726977,Tier 4
16592,0.8603911980440098,Tier 1
16593,0.5637581499592503,Tier 3
16595,0.6393388345558273,Tier 2
16596,0.4308170334148329,Tier 3
16598,0.23238590057049713,Tier 4
16599,0.2626273431132844,Tier 4
16600,0.6916768541157294,Tier 2
16601,0.42046658516707414,Tier 4
16602,0.20585778321108392,Tier 4
16604,0.26365118174409125,Tier 4
16605,0.12088936430317848,Tier 4
16606,0.3650876120619397,Tier 4
16607,0.8494753463732682,Tier 1
16608,0.4991187856560717,Tier 3
16609,0.7518744906275467,Tier 2
16610,0.32475550122249386,Tier 4
16611,0.5805827220863895,Tier 3
16612,0.6744345965770171,Tier 2
16614,0.4265433985330074,Tier 3
16615,0.15511409942950283,Tier 4
16617,0.33254380603096984,Tier 4
16618,0.6640484922575387,Tier 2
16619,0.6554757538712306,Tier 2
16620,0.7002750611246944,Tier 2
16621,0.511934596577017,Tier 3
16622,0.14471780766096168,Tier 4
16623,0.5962866748166258,Tier 3
16624,0.4875916870415648,Tier 3
16625,0.6537846373268134,Tier 2
16626,0.41571923390383053,Tier 4
16628,0.6465107986960066,Tier 2
16630,0.1441982477587612,Tier 4
16631,0.5630552159739202,Tier 3
16632,0.3477893235533822,Tier 4
16633,0.4432762836185819,Tier 3
16634,0.6820955582722087,Tier 2
16635,0.33984820700896495,Tier 4
16636,0.6198604319478402,Tier 3
16637,0.3998828443357783,Tier 4
16638,0.7350091687041566,Tier 2
16639,0.6587612061939692,Tier 2
16640,0.2535656071719641,Tier 4
16641,0.22924307253463733,Tier 4
16642,0.5148482070089649,Tier 3
16643,0.5192440912795436,Tier 3
16644,0.5313111246943765,Tier 3
16645,0.1627241238793806,Tier 4
16646,0.28290546047269766,Tier 4
16647,0.5796964140179299,Tier 3
16648,0.34479421352893236,Tier 4
16649,0.24978096984515077,Tier 4
16650,0.5965362673186634,Tier 3
16651,0.1649500814995925,Tier 4
16652,0.8306030969845151,Tier 1
16654,0.6791513854930726,Tier 2
16655,0.7319580277098614,Tier 2
16656,0.8309851263243683,Tier 1
16657,0.3937449062754686,Tier 4
16658,0.506209250203749,Tier 3
16660,0.6558934392828035,Tier 2
16661,0.4512938060309698,Tier 3
16662,0.2686786878565607,Tier 4
16663,0.14753463732681338,Tier 4
16664,0.16326915240423798,Tier 4
16665,0.2657447025264874,Tier 4
16666,0.1603861043194784,Tier 4
16667,0.3301446617766911,Tier 4
16668,0.675565403422983,Tier 2
16670,0.7922269763651182,Tier 2
16672,0.7677465362673187,Tier 2
16673,0.18032803585982068,Tier 4
16675,0.39328647106764464,Tier 4
16676,0.7204309290953544,Tier 2
16677,0.4126375305623472,Tier 4
16678,0.7082722086389568,Tier 2
16679,0.48687856560717196,Tier 3
16680,0.3678636919315403,Tier 4
16681,0.6585116136919316,Tier 2
16683,0.18363386308068458,Tier 4
16684,0.8918958842705785,Tier 1
16686,0.8671658516707417,Tier 1
16687,0.24665851670741645,Tier 4
16690,0.49674001629991854,Tier 3
16691,0.2965922982885085,Tier 4
16692,0.6209199266503667,Tier 3
16693,0.6335676446617766,Tier 3
16694,0.13022616136919316,Tier 4
16695,0.2821923390383048,Tier 4
16696,0.5727893235533821,Tier 3
16697,0.3365372860635697,Tier 4
16698,0.5979574164629178,Tier 3
16699,0.5772106764466178,Tier 3
16700,0.8821261206193969,Tier 1
16701,0.8530867970660146,Tier 1
16702,0.5211593317033415,Tier 3
16704,0.3880297473512632,Tier 4
16705,0.8781937652811737,Tier 1
16707,0.5043755093724531,Tier 3
16709,0.9185309698451507,Tier 1
16710,0.8755755908720456,Tier 1
16711,0.6033720456397718,Tier 3
16712,0.7869040342298288,Tier 2
16713,0.8462764873675632,Tier 1
16714,0.5575234311328444,Tier 3
16715,0.23119396903015482,Tier 4
16716,0.5605745721271393,Tier 3
16717,0.6928280358598207,Tier 2
16718,0.7010187449062755,Tier 2
16719,0.776334555827221,Tier 2
16720,0.40528728606356973,Tier 4
16721,0.3880195599022005,Tier 4
16722,0.8605389160554198,Tier 1
16723,0.4383710268948655,Tier 3
16724,0.2441931540342298,Tier 4
16725,0.7183272208638956,Tier 2
16726,0.7963783618581908,Tier 2
16727,0.6408007334963326,Tier 2
16728,0.511002444987775,Tier 3
16729,0.8534077017114914,Tier 1
16730,0.4627648736756316,Tier 3
16731,0.20722290138549307,Tier 4
16732,0.5747758761206194,Tier 3
16733,0.22323757131214345,Tier 4
16735,0.781127750611247,Tier 2
16736,0.564700488997555,Tier 3
16737,0.23925224123879382,Tier 4
16738,0.2531479217603912,Tier 4
16739,0.22509168704156476,Tier 4
16740,0.29240525672371637,Tier 4
16741,0.17744498777506112,Tier 4
16742,0.6416259168704157,Tier 2
16743,0.8349327628361858,Tier 1
16745,0.8458944580277099,Tier 1
16746,0.9256876528117359,Tier 1
16748,0.7823909942950286,Tier 2
16749,0.5212459250203749,Tier 3
16750,0.3334199266503668,Tier 4
16752,0.2815097799511002,Tier 4
16754,0.7384219641401792,Tier 2
16755,0.7485075387123065,Tier 2
16756,0.6997605949470252,Tier 2
16757,0.38438773431132844,Tier 4
16760,0.25119702526487364,Tier 4
16763,0.6384219641401794,Tier 2
16765,0.48332314588427056,Tier 3
16766,0.5386104319478402,Tier 3
16767,0.7998064384678077,Tier 2
16768,0.6544162591687042,Tier 2
16769,0.6514415240423796,Tier 2
16770,0.73010391198044,Tier 2
16771,0.7898329258353707,Tier 2
16772,0.5390637734311329,Tier 3
16773,0.3343062347188264,Tier 4
16774,0.532263651181744,Tier 3
16775,0.7778015484922575,Tier 2
16776,0.2911420130399348,Tier 4
16777,0.6322381825590873,Tier 3
16778,0.28280867970660145,Tier 4
16779,0.8792328850855746,Tier 1
16780,0.4739812550937245,Tier 3
16781,0.41109413202933986,Tier 4
16782,0.8863233496332519,Tier 1
16783,0.3029900162999185,Tier 4
16784,0.5810564384678076,Tier 3
16785,0.35670843520782397,Tier 4
16786,0.2081346780766096,Tier 4
16787,0.5749745313773431,Tier 3
16788,0.7110177261613693,Tier 2
16791,0.8201915240423798,Tier 1
16792,0.6104777913610433,Tier 3
16794,0.6051854115729423,Tier 3
16795,0.5926039119804402,Tier 3
16797,0.5970201711491442,Tier 3
16798,0.4368632844335778,Tier 3
16799,0.36076813365933175,Tier 4
16801,0.6816116544417278,Tier 2
16802,0.36435411572942134,Tier 4
16804,0.31203647106764465,Tier 4
16805,0.5791870415647922,Tier 3
16806,0.4978606356968215,Tier 3
16807,0.6954513039934801,Tier 2
16808,0.32676752241238793,Tier 4
16809,0.7101161369193154,Tier 2
16810,0.5598512632436837,Tier 3
16812,0.6282447025264875,Tier 3
16813,0.4531275468622657,Tier 3
16814,0.948797881010595,Tier 1
16815,0.3914781988590057,Tier 4
16816,0.4152251426242869,Tier 4
16817,0.7379482477587611,Tier 2
16818,0.541279543602282,Tier 3
16819,0.2843673594132029,Tier 4
16821,0.23937958435207826,Tier 4
16822,0.0998217196414018,Tier 4
16823,0.7545945395273024,Tier 2
16824,0.271989608801956,Tier 4
16825,0.5370874083129584,Tier 3
16827,0.44974022004889974,Tier 3
16829,0.30681540342298286,Tier 4
16830,0.4388294621026895,Tier 3
16831,0.157059902200489,Tier 4
16832,0.577633455582722,Tier 3
16833,0.7123675631621842,Tier 2
16834,0.5843011409942951,Tier 3
16835,0.5595660146699266,Tier 3
16836,0.4160197636511817,Tier 4
16837,0.7830277098614508,Tier 2
16838,0.665591890790546,Tier 2
16839,0.8886460880195599,Tier 1
16840,0.17240220048899754,Tier 4
16841,0.7914476365118175,Tier 2
16842,0.41023838630806847,Tier 4
16843,0.9107885085574572,Tier 1
16844,0.370721271393643,Tier 4
16845,0.21581092094539528,Tier 4
16846,0.37972697636511815,Tier 4
16847,0.2662286063569682,Tier 4
16848,0.5664323553382233,Tier 3
16850,0.34718317033414836,Tier 4
16854,0.5176854115729421,Tier 3
16856,0.3456092094539527,Tier 4
16857,0.27159229828850856,Tier 4
16858,0.6881672779136104,Tier 2
16859,0.6928127546862266,Tier 2
16860,0.4711593317033415,Tier 3
16861,0.4557457212713936,Tier 3
16862,0.44859413202933984,Tier 3
16863,0.38621638141809295,Tier 4
16864,0.35836898940505296,Tier 4
16865,0.2373624694376528,Tier 4
16867,0.13226874490627546,Tier 4
16868,0.44843622656886717,Tier 3
16870,0.30730949470252644,Tier 4
16871,0.7146903015484922,Tier 2
16872,0.4076711491442543,Tier 4
16873,0.8629074979625102,Tier 1
16874,0.30493581907090467,Tier 4
16875,0.6999643439282802,Tier 2
16876,0.2596475142624287,Tier 4
16877,0.3727383863080684,Tier 4
16880,0.24470252648736757,Tier 4
16882,0.42399144254278726,Tier 3
16883,0.7134015892420539,Tier 2
16884,0.38863590057049713,Tier 4
16885,0.46167991035044825,Tier 3
16886,0.13018541157294214,Tier 4
16887,0.43476976365118175,Tier 3
16888,0.4520273023634882,Tier 3
16889,0.8417277913610433,Tier 1
16890,0.3414272616136919,Tier 4
16891,0.6737825998370008,Tier 2
16892,0.24802872860635694,Tier 4
16893,0.41858190709046456,Tier 4
16894,0.4771546454767726,Tier 3
16895,0.531830684596577,Tier 3
16896,0.17916666666666667,Tier 4
16897,0.3703799918500407,Tier 4
16898,0.47157192339038306,Tier 3
16899,0.6726365118174409,Tier 2
16901,0.18978198859005704,Tier 4
16903,0.44348003259983704,Tier 3
16904,0.8250407497962511,Tier 1
16905,0.7688977180114099,Tier 2
16906,0.740077424612877,Tier 2
16907,0.7173084759576203,Tier 2
16908,0.13633863080684597,Tier 4
16911,0.22963528932355334,Tier 4
16912,0.797947229013855,Tier 2
16913,0.4811583129584352,Tier 3
16915,0.6744193154034228,Tier 2
16916,0.5200081499592502,Tier 3
16917,0.5454258353708231,Tier 3
16918,0.7271801140994295,Tier 2
16919,0.8887377750611247,Tier 1
16920,0.30891911165444175,Tier 4
16921,0.32731764466177665,Tier 4
16922,0.3541462917685412,Tier 4
16923,0.8876782803585982,Tier 1
16925,0.1896546454767726,Tier 4
16926,0.5791208231458842,Tier 3
16927,0.4160656071719641,Tier 4
16928,0.7819682151589241,Tier 2
16931,0.8789272616136921,Tier 1
16932,0.37283516707416464,Tier 4
16933,0.7425122249388754,Tier 2
16934,0.5484820700896494,Tier 3
16935,0.49234413202933985,Tier 3
16936,0.3495262836185819,Tier 4
16937,0.25124286878565605,Tier 4
16938,0.770329054604727,Tier 2
16939,0.4054604726976365,Tier 4
16940,0.7153321108394458,Tier 2
16941,0.13371026894865523,Tier 4
16942,0.5937143439282804,Tier 3
16943,0.5523736756316219,Tier 3
16944,0.1511715566422168,Tier 4
16945,0.8890026487367564,Tier 1
16946,0.5721627954360228,Tier 3
16947,0.578158109209454,Tier 3
16948,0.5931081907090465,Tier 3
16949,0.5566727791361044,Tier 3
16950,0.6717451100244498,Tier 2
16951,0.4974022004889976,Tier 3
16952,0.4660859820700896,Tier 3
16954,0.7904951100244498,Tier 2
16955,0.5285350448247759,Tier 3
16957,0.47814792176039117,Tier 3
16958,0.3943816218418908,Tier 4
16960,0.712067033414833,Tier 2
16961,0.3726568867155664,Tier 4
16962,0.26860737571312143,Tier 4
16964,0.22572330888345557,Tier 4
16965,0.38055725346373276,Tier 4
16966,0.6480134474327628,Tier 2
16970,0.13566625916870415,Tier 4
16972,0.4852434800325998,Tier 3
16973,0.23687347188264057,Tier 4
16974,0.30518031784841076,Tier 4
16975,0.4386562754686226,Tier 3
16976,0.3298033822330888,Tier 4
16977,0.471841890790546,Tier 3
16978,0.32336491442542786,Tier 4
16979,0.5677006927465362,Tier 3
16980,0.6559392828035862,Tier 2
16983,0.7062499999999999,Tier 2
16984,0.668480032599837,Tier 2
16985,0.8604981662591688,Tier 1
16986,0.6618632844335779,Tier 2
16987,0.7010493072534637,Tier 2
16988,0.2942288101059495,Tier 4
16990,0.4589242053789731,Tier 3
16991,0.4305674409127954,Tier 3
16992,0.8537999185004074,Tier 1
16993,0.42040036674816633,Tier 4
16996,0.639364303178484,Tier 2
16997,0.5085116136919315,Tier 3
16998,0.5159178891605541,Tier 3
17000,0.39596577017114915,Tier 4
17001,0.8671403830480848,Tier 1
17002,0.7550173186634066,Tier 2
17003,0.5507946210268948,Tier 3
17004,0.47165342298288504,Tier 3
17005,0.31991646291768544,Tier 4
17006,0.5593622656886716,Tier 3
17007,0.6389364303178484,Tier 2
17008,0.1859005704971475,Tier 4
17009,0.21071210268948654,Tier 4
17011,0.24339343928280358,Tier 4
17012,0.2480032599837001,Tier 4
17016,0.31228606356968214,Tier 4
17017,0.8500458435207825,Tier 1
17018,0.6243276283618582,Tier 3
17019,0.7729472290138549,Tier 2
17020,0.4408058272208639,Tier 3
17021,0.5554655664221679,Tier 3
17022,0.22590668296658517,Tier 4
17023,0.4939486552567237,Tier 3
17025,0.5694936837815812,Tier 3
17026,0.2963121434392828,Tier 4
17027,0.614430521597392,Tier 3
17028,0.5176039119804401,Tier 3
17029,0.695802770986145,Tier 2
17031,0.6104217603911981,Tier 3
17032,0.545262836185819,Tier 3
17033,0.6153372045639771,Tier 3
17034,0.4904798288508557,Tier 3
17035,0.5404390790546046,Tier 3
17036,0.26475651996740013,Tier 4
17038,0.3729370415647922,Tier 4
17039,0.40971882640586793,Tier 4
17040,0.14340362673186632,Tier 4
17041,0.539430521597392,Tier 3
17042,0.58905358598207,Tier 3
17043,0.6654645476772616,Tier 2
17044,0.7308883455582722,Tier 2
17045,0.5424205378973105,Tier 3
17046,0.5458944580277099,Tier 3
17047,0.7777404237978811,Tier 2
17048,0.6542736348818257,Tier 2
17049,0.8375865933170333,Tier 1
17050,0.7690403422982885,Tier 2
17051,0.7047015077424612,Tier 2
17054,0.6513192746536267,Tier 2
17055,0.25415138549307253,Tier 4
17056,0.14166666666666666,Tier 4
17057,0.2539985737571312,Tier 4
17058,0.619855338223309,Tier 3
17059,0.8351568867155664,Tier 1
17060,0.329859413202934,Tier 4
17061,0.7990831295843521,Tier 2
17062,0.6007487775061126,Tier 3
17063,0.6867155664221679,Tier 2
17064,0.29535961695191526,Tier 4
17065,0.2342094539527302,Tier 4
17066,0.18999083129584354,Tier 4
17067,0.33144356153219234,Tier 4
17068,0.8936735941320293,Tier 1
17069,0.7742104726976365,Tier 2
17070,0.2612418500407498,Tier 4
17071,0.7050835370823145,Tier 2
17072,0.2187041564792176,Tier 4
17074,0.18751018744906275,Tier 4
17075,0.7427872860635697,Tier 2
17076,0.592817848410758,Tier 3
17077,0.2089038304808476,Tier 4
17080,0.5626884678076609,Tier 3
17081,0.5449062754686227,Tier 3
17082,0.7112520374898126,Tier 2
17083,0.6832518337408313,Tier 2
17084,0.454278728606357,Tier 3
17085,0.837825998370008,Tier 1
17087,0.17692033414832925,Tier 4
17088,0.5187652811735941,Tier 3
17089,0.23461185819070904,Tier 4
17090,0.699123879380603,Tier 2
17091,0.8065912795436023,Tier 1
17092,0.7402913610431947,Tier 2
17093,0.2046964140179299,Tier 4
17094,0.3710065199674002,Tier 4
17095,0.636404849225754,Tier 3
17096,0.7281530154849225,Tier 2
17097,0.5278881418092909,Tier 3
17098,0.45471169519152405,Tier 3
17099,0.3246077832110839,Tier 4
17101,0.5034382640586796,Tier 3
17102,0.2763905867970661,Tier 4
17103,0.2615933170334148,Tier 4
17104,0.31955480847595763,Tier 4
17105,0.3746841890790546,Tier 4
17106,0.37807151589242055,Tier 4
17107,0.8192542787286063,Tier 1
17108,0.16845456397718012,Tier 4
17109,0.6567950285248574,Tier 2
17110,0.3359260391198044,Tier 4
17111,0.2569733088834556,Tier 4
17112,0.24641911165444172,Tier 4
17113,0.5624134066829667,Tier 3
17114,0.5785197636511817,Tier 3
17115,0.683638956805216,Tier 2
17116,0.27419519152404237,Tier 4
17117,0.2863131621841891,Tier 4
17118,0.2875764058679707,Tier 4
17120,0.39935819070904643,Tier 4
17121,0.2875458435207824,Tier 4
17122,0.4366442542787286,Tier 3
17123,0.40673390383048086,Tier 4
17126,0.6692389975550124,Tier 2
17127,0.540321923390383,Tier 3
17128,0.28689384678076607,Tier 4
17129,0.15286776691116544,Tier 4
17132,0.4822025264873675,Tier 3
17133,0.7338477995110024,Tier 2
17134,0.49289934800325996,Tier 3
17135,0.6116442542787286,Tier 3
17136,0.19269050529747353,Tier 4
17137,0.6039629176854115,Tier 3
17138,0.7916768541157295,Tier 2
17139,0.88635391198044,Tier 1
17140,0.4176854115729421,Tier 4
17141,0.5390179299103505,Tier 3
17142,0.6832976772616137,Tier 2
17143,0.4841177669111655,Tier 3
17145,0.5535197636511818,Tier 3
17146,0.7865169111654442,Tier 2
17147,0.7405052974735128,Tier 2
17149,0.19825794621026896,Tier 4
17150,0.6369498777506113,Tier 3
17151,0.16904034229828852,Tier 4
17152,0.6761766503667481,Tier 2
17155,0.46604013854930726,Tier 3
17156,0.26786878565607175,Tier 4
17157,0.6963019559902199,Tier 2
17158,0.6480236348818256,Tier 2
17159,0.38202424612876934,Tier 4
17160,0.8441982477587611,Tier 1
17161,0.38990933170334147,Tier 4
17162,0.6449877750611246,Tier 2
17163,0.362189282803586,Tier 4
17164,0.6125560309698452,Tier 3
17165,0.6545945395273024,Tier 2
17166,0.30929095354523234,Tier 4
17167,0.5433832518337408,Tier 3
17168,0.28175937245313776,Tier 4
17169,0.1783924205378973,Tier 4
17170,0.2742614099429503,Tier 4
17171,0.4468826405867971,Tier 3
17172,0.34222188264058684,Tier 4
17174,0.3243887530562347,Tier 4
17175,0.40902098614506927,Tier 4
17176,0.6554706601466993,Tier 2
17177,0.20885289323553383,Tier 4
17178,0.2601059494702527,Tier 4
17179,0.7057610024449876,Tier 2
17180,0.7457263651181745,Tier 2
17181,0.343480032599837,Tier 4
17182,0.32487265688671557,Tier 4
17184,0.26061022819885904,Tier 4
17185,0.33000713121434394,Tier 4
17187,0.5074826813365934,Tier 3
17188,0.7092909535452323,Tier 2
17189,0.5845048899755501,Tier 3
17190,0.7755552159739203,Tier 2
17191,0.7673033822330888,Tier 2
17192,0.1813569682151589,Tier 4
17193,0.3643999592502038,Tier 4
17194,0.5081295843520782,Tier 3
17195,0.2898227383863081,Tier 4
17196,0.33178484107579465,Tier 4
17198,0.47926854115729417,Tier 3
17199,0.16802159739201303,Tier 4
17200,0.45276589242053794,Tier 3
17201,0.44010798696006515,Tier 3
17202,0.22488793806030968,Tier 4
17203,0.629630195599022,Tier 3
17204,0.7483954767726162,Tier 2
17205,0.4062652811735942,Tier 4
17207,0.24998471882640588,Tier 4
17208,0.24588936430317848,Tier 4
17209,0.39639364303178487,Tier 4
17210,0.317710880195599,Tier 4
17211,0.7792277913610433,Tier 2
17212,0.5736450692746535,Tier 3
17213,0.6874796251018743,Tier 2
17214,0.5995721271393644,Tier 3
17215,0.21554095354523228,Tier 4
17216,0.16491951915240424,Tier 4
17217,0.4435920945395273,Tier 3
17218,0.8528881418092911,Tier 1
17219,0.24533414832925834,Tier 4
17220,0.8652149551752242,Tier 1
17221,0.43072025264873676,Tier 3
17222,0.5581754278728607,Tier 3
17223,0.5272463325183374,Tier 3
17224,0.17478606356968213,Tier 4
17225,0.16264262428687856,Tier 4
17226,0.5702984922575387,Tier 3
17227,0.7015484922575388,Tier 2
17228,0.8043551344743276,Tier 2
17230,0.8024246128769356,Tier 2
17231,0.8433170334148329,Tier 1
17233,0.36145069274653624,Tier 4
17235,0.6370415647921761,Tier 3
17236,0.755063162184189,Tier 2
17237,0.4873370008149959,Tier 3
17238,0.9091788916055421,Tier 1
17239,0.5264618989405053,Tier 3
17240,0.16196515892420538,Tier 4
17241,0.7285656071719642,Tier 2
17242,0.5159942950285248,Tier 3
17243,0.8616493480032601,Tier 1
17244,0.5712000814995926,Tier 3
17245,0.524918500407498,Tier 3
17246,0.2143795843520782,Tier 4
17248,0.23872758761206192,Tier 4
17249,0.2204767726161369,Tier 4
17250,0.33951202118989404,Tier 4
17251,0.5020018337408313,Tier 3
17254,0.28334861450692744,Tier 4
17255,0.5644101466992666,Tier 3
17256,0.48802465362673186,Tier 3
17257,0.292130195599022,Tier 4
17258,0.41642216788916053,Tier 4
17259,0.6477536674816626,Tier 2
17260,0.21415546047269762,Tier 4
17261,0.25215464547677263,Tier 4
17262,0.7325998370008149,Tier 2
17263,0.3680012224938875,Tier 4
17264,0.3093266096169519,Tier 4
17266,0.3100957620211899,Tier 4
17268,0.6938264058679706,Tier 2
17269,0.40583231458842706,Tier 4
17270,0.4068612469437653,Tier 4
17271,0.2095099837000815,Tier 4
17272,0.6201507742461287,Tier 3
17273,0.22044111654441728,Tier 4
17274,0.37014568052159735,Tier 4
17275,0.26083435207823963,Tier 4
17276,0.30177770986145075,Tier 4
17277,0.6120110024449879,Tier 3
17278,0.4396750203748981,Tier 3
17280,0.19524246128769354,Tier 4
17281,0.5327475550122249,Tier 3
17282,0.6370466585167074,Tier 3
17283,0.27898838630806844,Tier 4
17284,0.6503412795436023,Tier 2
17285,0.335029543602282,Tier 4
17286,0.366361043194784,Tier 4
17287,0.8562550937245313,Tier 1
17288,0.8104777913610433,Tier 1
17289,0.6040546047269764,Tier 3
17290,0.6120975957620212,Tier 3
17291,0.37363997555012224,Tier 4
17292,0.3026640179299104,Tier 4
17293,0.7447585574572126,Tier 2
17294,0.3162642624286878,Tier 4
17296,0.23985839445802773,Tier 4
17298,0.4244549714751426,Tier 3
17299,0.37310513447432764,Tier 4
17300,0.41012632436837815,Tier 4
17301,0.20682559087204566,Tier 4
17302,0.5067237163814181,Tier 3
17303,0.34818154034229826,Tier 4
17304,0.16729828850855744,Tier 4
17305,0.36703341483292584,Tier 4
17306,0.7728504482477587,Tier 2
17307,0.6334250203748981,Tier 3
17308,0.541213325183374,Tier 3
17309,0.3605898533007335,Tier 4
17310,0.4478606356968215,Tier 3
17311,0.6684902200488997,Tier 2
17314,0.7569631214343928,Tier 2
17315,0.8903015484922575,Tier 1
17316,0.24699470252648736,Tier 4
17318,0.16910146699266504,Tier 4
17319,0.12447534637326813,Tier 4
17320,0.7350244498777505,Tier 2
17321,0.5875101874490627,Tier 3
17322,0.5580073349633251,Tier 3
17323,0.6983852893235534,Tier 2
17324,0.6860737571312143,Tier 2
17325,0.5405664221678892,Tier 3
17326,0.4002903422982885,Tier 4
17327,0.28310411572942135,Tier 4
17328,0.13964955175224125,Tier 4
17329,0.5832467400163,Tier 3
17330,0.2119345965770171,Tier 4
17332,0.5177821923390383,Tier 3
17334,0.46524042379788105,Tier 3
17335,0.43276792991035046,Tier 3
17336,0.16883149959250204,Tier 4
17337,0.6863080684596577,Tier 2
17338,0.8865423797881011,Tier 1
17339,0.25852689486552566,Tier 4
17340,0.8721729828850857,Tier 1
17341,0.5918092909535453,Tier 3
17342,0.5109005704971475,Tier 3
17343,0.6453443357783211,Tier 2
17344,0.16388039934800325,Tier 4
17345,0.7582263651181743,Tier 2
17346,0.8885544009779951,Tier 1
17348,0.6878973105134474,Tier 2
17349,0.5454513039934801,Tier 3
17350,0.49733598207008967,Tier 3
17351,0.698125509372453,Tier 2
17352,0.12485737571312143,Tier 4
17353,0.36026894865525677,Tier 4
17354,0.5609820700896495,Tier 3
17355,0.31111960065199673,Tier 4
17356,0.6267675224123879,Tier 3
17358,0.6366595354523228,Tier 3
17359,0.18550325998370007,Tier 4
17360,0.47184698451507745,Tier 3
17361,0.49316931540342296,Tier 3
17362,0.6784229828850855,Tier 2
17363,0.5108954767726162,Tier 3
17364,0.8939333740831296,Tier 1
17365,0.8777047677261615,Tier 1
17366,0.44332722086389575,Tier 3
17367,0.37315097799511004,Tier 4
17368,0.7177465362673187,Tier 2
17369,0.33892624286878564,Tier 4
17371,0.4959657701711491,Tier 3
17372,0.8214547677261613,Tier 1
17373,0.5612927872860636,Tier 3
17374,0.5534331703341483,Tier 3
17375,0.6816473105134475,Tier 2
17376,0.47847901385493075,Tier 3
17377,0.8442186226568867,Tier 1
17378,0.15722799511002444,Tier 4
17380,0.3666004482477588,Tier 4
17381,0.9010289323553382,Tier 1
17382,0.5145425835370823,Tier 3
17383,0.18186124694376526,Tier 4
17384,0.47736348818255914,Tier 3
17386,0.24406581092094537,Tier 4
17388,0.775040749796251,Tier 2
17389,0.8724378565607172,Tier 1
17390,0.22680317848410758,Tier 4
17392,0.5403728606356968,Tier 3
17393,0.3974582314588427,Tier 4
17394,0.35776283618581906,Tier 4
17395,0.1661012632436838,Tier 4
17396,0.563931336593317,Tier 3
17397,0.35664221678891606,Tier 4
17398,0.5455226161369193,Tier 3
17400,0.8511155256723717,Tier 1
17401,0.17604930725346374,Tier 4
17402,0.7815607171964141,Tier 2
17403,0.2012326813365933,Tier 4
17404,0.8454869600651997,Tier 1
17406,0.7341737978810106,Tier 2
17407,0.3458384270578647,Tier 4
17408,0.23076100244498776,Tier 4
17409,0.7969947025264874,Tier 2
17410,0.4085625509372453,Tier 4
17411,0.526268337408313,Tier 3
17412,0.8560360635696821,Tier 1
17413,0.39370415647921764,Tier 4
17414,0.5140586797066015,Tier 3
17416,0.9123064384678077,Tier 1
17417,0.19794213528932356,Tier 4
17418,0.42831601466992664,Tier 3
17419,0.7973156071719641,Tier 2
17420,0.435569478402608,Tier 3
17421,0.5404900162999186,Tier 3
17422,0.7171454767726162,Tier 2
17423,0.5224022004889975,Tier 3
17426,0.7357528524857375,Tier 2
17428,0.890968826405868,Tier 1
17429,0.604360228198859,Tier 3
17430,0.47226976365118173,Tier 3
17431,0.39507436837815807,Tier 4
17432,0.663483088834556,Tier 2
17433,0.32132742461287694,Tier 4
17435,0.29141707416462914,Tier 4
17436,0.483180521597392,Tier 3
17437,0.29613895680521596,Tier 4
17438,0.6426446617766911,Tier 2
17439,0.2123879380603097,Tier 4
17440,0.39992868785656066,Tier 4
17441,0.21053891605541972,Tier 4
17442,0.777307457212714,Tier 2
17443,0.4320089649551752,Tier 3
17446,0.2598257946210269,Tier 4
17448,0.7124541564792176,Tier 2
17449,0.8329156479217603,Tier 1
17450,0.9026232681336593,Tier 1
17454,0.796434392828036,Tier 2
17455,0.3732681336593317,Tier 4
17456,0.5274551752241239,Tier 3
17457,0.795354523227384,Tier 2
17458,0.3036012632436838,Tier 4
17460,0.7605745721271394,Tier 2
17462,0.38917074164629173,Tier 4
17463,0.6799867563162184,Tier 2
17464,0.32585065199674,Tier 4
17465,0.6178331295843521,Tier 3
17467,0.2177821923390383,Tier 4
17468,0.22901385493072535,Tier 4
17469,0.8303687856560719,Tier 1
17470,0.7977383863080685,Tier 2
17471,0.2645680521597392,Tier 4
17472,0.580210880195599,Tier 3
17473,0.37209148329258357,Tier 4
17474,0.3178025672371638,Tier 4
17476,0.3493429095354524,Tier 4
17477,0.3597392013039935,Tier 4
17478,0.4975499185004075,Tier 3
17479,0.24695395273023635,Tier 4
17480,0.29303687856560723,Tier 4
17482,0.4276691116544417,Tier 3
17483,0.2322636511817441,Tier 4
17484,0.2634066829665852,Tier 4
17486,0.4056183781581092,Tier 4
17487,0.15603606356968214,Tier 4
17488,0.2333588019559902,Tier 4
17489,0.3912540749796251,Tier 4
17490,0.4555827220863895,Tier 3
17491,0.783262021189894,Tier 2
17492,0.6087612061939689,Tier 3
17493,0.23314486552567235,Tier 4
17494,0.16036063569682152,Tier 4
17495,0.24334759576202117,Tier 4
17496,0.5757080277098614,Tier 3
17497,0.3419519152404238,Tier 4
17499,0.5272208638956805,Tier 3
17501,0.46140994295028526,Tier 3
17504,0.8882538712306439,Tier 1
17505,0.7419977587612061,Tier 2
17507,0.5396342705786471,Tier 3
17508,0.7632233088834556,Tier 2
17510,0.2481356968215159,Tier 4
17511,0.8900061124694376,Tier 1
17512,0.8431896903015486,Tier 1
17513,0.4073196821515892,Tier 4
17514,0.24587917685411573,Tier 4
17515,0.787622249388753,Tier 2
17516,0.6542532599837001,Tier 2
17517,0.29288406682966583,Tier 4
17518,0.38933883455582724,Tier 4
17519,0.8352332925835372,Tier 1
17521,0.6397106764466178,Tier 2
17522,0.4665036674816626,Tier 3
17524,0.44950590872045637,Tier 3
17525,0.5445751833740832,Tier 3
17526,0.7225957620211899,Tier 2
17527,0.3225957620211899,Tier 4
17529,0.45593418907905464,Tier 3
17530,0.7865525672371638,Tier 2
17531,0.3631672779136105,Tier 4
17532,0.221490423797881,Tier 4
17533,0.17593215158924205,Tier 4
17534,0.5586033007334963,Tier 3
17535,0.3131418092909536,Tier 4
17536,0.3282599837000815,Tier 4
17537,0.44856866340668294,Tier 3
17539,0.42953850855745723,Tier 3
17540,0.6250611246943765,Tier 3
17541,0.21028422982885087,Tier 4
17542,0.5110482885085574,Tier 3
17543,0.1782599837000815,Tier 4
17544,0.5460268948655257,Tier 3
17545,0.5361348818255909,Tier 3
17547,0.39577220863895685,Tier 4
17548,0.5465413610431948,Tier 3
17550,0.8359515077424612,Tier 1
17551,0.3489252241238794,Tier 4
17552,0.6653015484922575,Tier 2
17553,0.4947178076609617,Tier 3
17555,0.6005603096984515,Tier 3
17556,0.4846373268133659,Tier 3
17557,0.11532701711491442,Tier 4
17558,0.30189995925020374,Tier 4
17559,0.20075387123064384,Tier 4
17560,0.7420537897310515,Tier 2
17561,0.5091585167074164,Tier 3
17563,0.2609515077424613,Tier 4
17565,0.19629686226568865,Tier 4
17567,0.7188060309698452,Tier 2
17568,0.2814995925020375,Tier 4
17569,0.3631367155664222,Tier 4
17571,0.5638753056234719,Tier 3
17572,0.6139007742461289,Tier 3
17574,0.33997555012224934,Tier 4
17575,0.1612622249388753,Tier 4
17576,0.8741442542787287,Tier 1
17577,0.2996179706601467,Tier 4
17578,0.6697738386308068,Tier 2
17579,0.2598716381418093,Tier 4
17580,0.6151538304808475,Tier 3
17581,0.8724429502852485,Tier 1
17582,0.6781682966585166,Tier 2
17583,0.1721424205378973,Tier 4
17584,0.6183017522412388,Tier 3
17585,0.7096271393643032,Tier 2
17586,0.1727332925835371,Tier 4
17587,0.21205684596577018,Tier 4
17588,0.6610890383048085,Tier 2
17589,0.8419264466177668,Tier 1
17591,0.7534229828850856,Tier 2
17592,0.08991442542787285,Tier 4
17593,0.706682966585167,Tier 2
17594,0.6572330888345559,Tier 2
17596,0.7540138549307253,Tier 2
17597,0.7493021597392013,Tier 2
17598,0.32820395273023634,Tier 4
17599,0.09502343113284432,Tier 4
17601,0.5234616951915241,Tier 3
17602,0.7266248981255093,Tier 2
17603,0.4346118581907091,Tier 3
17604,0.7240321923390383,Tier 2
17605,0.1834708638956805,Tier 4
17606,0.12838732681336593,Tier 4
17607,0.33343520782396086,Tier 4
17608,0.37158720456397715,Tier 4
17609,0.662163814180929,Tier 2
17610,0.5130348410757946,Tier 3
17611,0.8912337000814996,Tier 1
17612,0.8048135696821517,Tier 1
17613,0.8175733496332519,Tier 1
17615,0.6358394458027709,Tier 3
17616,0.505643846780766,Tier 3
17617,0.1948044009779951,Tier 4
17618,0.7829869600651996,Tier 2
17619,0.3619702526487367,Tier 4
17621,0.6512530562347187,Tier 2
17622,0.34923084759576206,Tier 4
17623,0.6444019967400163,Tier 2
17624,0.662041564792176,Tier 2
17625,0.7846271393643032,Tier 2
17626,0.21527098614506926,Tier 4
17627,0.17403728606356966,Tier 4
17629,0.6853453545232273,Tier 2
17630,0.41283109209453955,Tier 4
17631,0.6514211491442541,Tier 2
17633,0.45507844335778325,Tier 3
17634,0.7682711898940504,Tier 2
17635,0.4863640994295028,Tier 3
17638,0.3478657294213529,Tier 4
17639,0.6133964955175224,Tier 3
17640,0.6032548899755501,Tier 3
17642,0.5187449062754685,Tier 3
17643,0.43147921760391195,Tier 3
17644,0.8270018337408314,Tier 1
17646,0.7995568459657701,Tier 2
17647,0.2285808883455583,Tier 4
17648,0.7659993887530563,Tier 2
17649,0.3657752648736756,Tier 4
17651,0.5496892828035861,Tier 3
17652,0.5381418092909536,Tier 3
17654,0.31170537897310513,Tier 4
17655,0.7318714343928281,Tier 2
17657,0.20396801140994295,Tier 4
17658,0.415158924205379,Tier 4
17659,0.7483292583537082,Tier 2
17660,0.1951864303178484,Tier 4
17662,0.3023736756316219,Tier 4
17663,0.8437092502037491,Tier 1
17664,0.644666870415648,Tier 2
17665,0.3076202118989405,Tier 4
17666,0.4770425835370823,Tier 3
17667,0.777821923390383,Tier 2
17669,0.8177210676446618,Tier 1
17670,0.36318255908720454,Tier 4
17671,0.6164527302363488,Tier 3
17672,0.6952883048084758,Tier 2
17673,0.7638141809290954,Tier 2
17674,0.31228096984515075,Tier 4
17675,0.8926242868785655,Tier 1
17676,0.5787184189079054,Tier 3
17677,0.8624185004074979,Tier 1
17678,0.4461695191524042,Tier 3
17679,0.4863640994295028,Tier 3
17680,0.3048237571312144,Tier 4
17681,0.3981713528932356,Tier 4
17682,0.8453035859820701,Tier 1
17683,0.5162031377343113,Tier 3
17685,0.750458435207824,Tier 2
17686,0.8699113691931539,Tier 1
17687,0.3241646291768541,Tier 4
17688,0.23603810105949466,Tier 4
17689,0.3697840260798696,Tier 4
17690,0.8945802770986147,Tier 1
17691,0.49685717196414014,Tier 3
17692,0.7781784841075794,Tier 2
17694,0.46836797066014674,Tier 3
17695,0.4536420130399348,Tier 3
17696,0.7738029747351263,Tier 2
17697,0.40812958435207825,Tier 4
17698,0.3157599837000815,Tier 4
17699,0.3506265281173594,Tier 4
17700,0.8373573757131214,Tier 1
17701,0.4187296251018745,Tier 4
17702,0.6655867970660148,Tier 2
17703,0.2849989812550937,Tier 4
17704,0.41247962510187447,Tier 4
17705,0.6372402200488998,Tier 3
17706,0.7931438467807661,Tier 2
17707,0.49957212713936433,Tier 3
17708,0.5465821108394457,Tier 3
17709,0.44424918500407495,Tier 3
17710,0.2766147106764466,Tier 4
17711,0.3232885085574572,Tier 4
17713,0.5847901385493073,Tier 3
17714,0.5892318663406683,Tier 3
17715,0.522488793806031,Tier 3
17716,0.8344539527302363,Tier 1
17717,0.3107732273838631,Tier 4
17718,0.44531886715566427,Tier 3
17719,0.7504227791361044,Tier 2
17720,0.7291208231458842,Tier 2
17721,0.20920436022819885,Tier 4
17722,0.6106306030969846,Tier 3
17723,0.612983903830481,Tier 3
17725,0.6796607579462103,Tier 2
17726,0.5697279951100245,Tier 3
17728,0.470558272208639,Tier 3
17729,0.2711440505297473,Tier 4
17730,0.795115118174409,Tier 2
17731,0.3412744498777506,Tier 4
17732,0.6607783211083944,Tier 2
17733,0.338849837000815,Tier 4
17734,0.6415698859005705,Tier 2
17735,0.8528270171149144,Tier 1
17738,0.7507589649551752,Tier 2
17739,0.8556081907090465,Tier 1
17740,0.46898431132844337,Tier 3
17741,0.27295741646291766,Tier 4
17742,0.7071057457212715,Tier 2
17743,0.15601059494702527,Tier 4
17744,0.661379380603097,Tier 2
17745,0.3875865933170334,Tier 4
17746,0.5628310920945395,Tier 3
17748,0.2599072942135289,Tier 4
17749,0.5376833740831295,Tier 3
17751,0.25415138549307253,Tier 4
17752,0.24216075794621028,Tier 4
17753,0.3986858190709046,Tier 4
17754,0.7434902200488998,Tier 2
17756,0.5262326813365933,Tier 3
17757,0.8959301140994296,Tier 1
17758,0.8306234718826406,Tier 1
17759,0.42192848410757944,Tier 3
17760,0.5129584352078239,Tier 3
17762,0.20697840260798697,Tier 4
17763,0.3758302770986145,Tier 4
17764,0.6913050122249389,Tier 2
17765,0.5893592094539528,Tier 3
17766,0.3749643439282804,Tier 4
17767,0.23999083129584353,Tier 4
17768,0.5460625509372453,Tier 3
17769,0.7595812958435207,Tier 2
17770,0.7200030562347188,Tier 2
17771,0.44327118989405057,Tier 3
17772,0.29735635696821516,Tier 4
17773,0.39508455582722085,Tier 4
17774,0.7338070497147513,Tier 2
17775,0.2885493072534637,Tier 4
17776,0.3655002037489813,Tier 4
17778,0.17628361858190708,Tier 4
17780,0.37343622656886716,Tier 4
17781,0.29636308068459655,Tier 4
17782,0.45649449877750614,Tier 3
17783,0.45111043194784023,Tier 3
17784,0.18526385493072534,Tier 4
17785,0.33919621026894864,Tier 4
17786,0.2903575794621027,Tier 4
17787,0.6362367563162183,Tier 3
17789,0.4571108394458028,Tier 3
17790,0.846719641401793,Tier 1
17792,0.3659942950285248,Tier 4
17794,0.2138294621026895,Tier 4
17795,0.32219845150774246,Tier 4
17796,0.6720507334963326,Tier 2
17797,0.6142471475142623,Tier 3
17798,0.2220558272208639,Tier 4
17799,0.820868989405053,Tier 1
17800,0.5246230643846781,Tier 3
17801,0.4333129584352078,Tier 3
17802,0.6936939690301548,Tier 2
17803,0.28022106764466176,Tier 4
17804,0.43545232273838635,Tier 3
17805,0.231789934800326,Tier 4
17807,0.4783160146699266,Tier 3
17808,0.3639924612876936,Tier 4
17809,0.8053280358598207,Tier 1
17810,0.267670130399348,Tier 4
17811,0.8926344743276283,Tier 1
17812,0.5193052159739202,Tier 3
17814,0.575081499592502,Tier 3
17815,0.3517573349633252,Tier 4
17816,0.44376528117359415,Tier 3
17817,0.5830684596577017,Tier 3
17818,0.18155562347188264,Tier 4
17819,0.8492461287693561,Tier 1
17820,0.24229319478402608,Tier 4
17821,0.28295130399348,Tier 4
17822,0.6415444172779137,Tier 2
17823,0.4255857783211084,Tier 3
17825,0.4321057457212714,Tier 3
17826,0.2870568459657702,Tier 4
17827,0.7093215158924205,Tier 2
17829,0.7073502444987775,Tier 2
17830,0.4227740423797881,Tier 3
17833,0.2375611246943765,Tier 4
17834,0.4521801140994295,Tier 3
17838,0.7610788508557459,Tier 2
17840,0.2574826813365933,Tier 4
17841,0.9169977587612063,Tier 1
17842,0.26148125509372455,Tier 4
17843,0.44833435207823963,Tier 3
17845,0.4440352485737571,Tier 3
17847,0.24032192339038302,Tier 4
17848,0.7885136511817441,Tier 2
17849,0.6962713936430318,Tier 2
17850,0.7829105541972292,Tier 2
17851,0.6332773023634881,Tier 3
17852,0.49163610431947835,Tier 3
17853,0.5737112876935615,Tier 3
17854,0.6875101874490628,Tier 2
17855,0.2942339038304808,Tier 4
17856,0.5305929095354524,Tier 3
17857,0.7888141809290953,Tier 2
17858,0.8180368785656071,Tier 1
17859,0.30755908720456404,Tier 4
17860,0.5795130399348003,Tier 3
17861,0.782197432762836,Tier 2
17862,0.632436837815811,Tier 3
17863,0.7966890790546048,Tier 2
17864,0.5427669111654442,Tier 3
17865,0.8892624286878565,Tier 1
17866,0.39497249388753053,Tier 4
17867,0.711002444987775,Tier 2
17868,0.2864557864710676,Tier 4
17869,0.6667736348818256,Tier 2
17870,0.4833537082314588,Tier 3
17871,0.7230338223308883,Tier 2
17872,0.2888192746536268,Tier 4
17873,0.8001477180114099,Tier 2
17874,0.5768999592502038,Tier 3
17875,0.18555419722901384,Tier 4
17876,0.55780358598207,Tier 3
17878,0.49796760391198047,Tier 3
17880,0.5385136511817441,Tier 3
17881,0.28202933985330075,Tier 4
17882,0.4008302770986145,Tier 4
17883,0.5273329258353708,Tier 3
17884,0.75369804400978,Tier 2
17886,0.6862011002444987,Tier 2
17888,0.76150162999185,Tier 2
17889,0.7145018337408313,Tier 2
17890,0.5068663406682967,Tier 3
17893,0.3409484515077425,Tier 4
17894,0.7436481255093724,Tier 2
17897,0.6799663814180928,Tier 2
17898,0.5350804808475957,Tier 3
17901,0.2403983292583537,Tier 4
17902,0.22466890790546049,Tier 4
17903,0.3485788508557457,Tier 4
17905,0.6920690709046455,Tier 2
17906,0.3094845150774246,Tier 4
17907,0.2098920130399348,Tier 4
17908,0.587000814995925,Tier 3
17909,0.13643541157294214,Tier 4
17910,0.20967298288508557,Tier 4
17912,0.5106509779951101,Tier 3
17913,0.7760187449062754,Tier 2
17915,0.2294264466177669,Tier 4
17916,0.21136409942950285,Tier 4
17917,0.452241238793806,Tier 3
17918,0.38850346373268135,Tier 4
17919,0.3165036674816626,Tier 4
17920,0.9211287693561533,Tier 1
17921,0.7001426242868786,Tier 2
17922,0.18884983700081498,Tier 4
17923,0.47522921760391196,Tier 3
17924,0.4415138549307254,Tier 3
17925,0.28108190709046454,Tier 4
17926,0.6549154441727791,Tier 2
17927,0.19758557457212714,Tier 4
17928,0.4225193561532192,Tier 3
17929,0.7133964955175223,Tier 2
17930,0.716401792991035,Tier 2
17931,0.779074979625102,Tier 2
17932,0.506978402607987,Tier 3
17933,0.1540036674816626,Tier 4
17934,0.30682049714751425,Tier 4
17935,0.4630501222493888,Tier 3
17937,0.6843877343113285,Tier 2
17938,0.24832925835370823,Tier 4
17940,0.737418500407498,Tier 2
17941,0.41886206193969033,Tier 4
17944,0.22098105134474327,Tier 4
17945,0.36758353708231456,Tier 4
17946,0.4149755501222494,Tier 4
17949,0.8804197229013855,Tier 1
17950,0.5983903830480849,Tier 3
17951,0.4539221678891605,Tier 3
17952,0.5687143439282805,Tier 3
17953,0.1992104726976365,Tier 4
17954,0.7862112876935615,Tier 2
17955,0.6980898533007336,Tier 2
17956,0.28555929095354526,Tier 4
17958,0.26456295843520783,Tier 4
17959,0.16014669926650366,Tier 4
17960,0.22964038304808476,Tier 4
17961,0.8758048084759575,Tier 1
17962,0.40127343113284436,Tier 4
17963,0.49714751426242865,Tier 3
17964,0.3303280358598207,Tier 4
17965,0.8262734311328443,Tier 1
17966,0.6497504074979625,Tier 2
17967,0.3994549714751426,Tier 4
17968,0.5537337000814996,Tier 3
17969,0.6980032599837,Tier 2
17970,0.48935411572942134,Tier 3
17971,0.2045843520782396,Tier 4
17972,0.3551090057049715,Tier 4
17974,0.711812347188264,Tier 2
17975,0.889323553382233,Tier 1
17976,0.3643133659331703,Tier 4
17977,0.39648533007334963,Tier 4
17978,0.6025417685411574,Tier 3
17979,0.39344947025264876,Tier 4
17980,0.6371740016299918,Tier 3
17981,0.2679044417277914,Tier 4
17982,0.15994295028524858,Tier 4
17983,0.268169315403423,Tier 4
17984,0.5897106764466178,Tier 3
17987,0.5359158516707416,Tier 3
17988,0.5645935207823961,Tier 3
17989,0.298110228198859,Tier 4
17990,0.6709453952730237,Tier 2
17991,0.5183934392828036,Tier 3
17992,0.3218266096169519,Tier 4
17993,0.24308781581092093,Tier 4
17994,0.7206601466992665,Tier 2
17995,0.5117155664221679,Tier 3
17996,0.49022514262428685,Tier 3
17998,0.46401792991035046,Tier 3
17999,0.44467196414017923,Tier 3
18000,0.1654645476772616,Tier 4
18001,0.4723257946210269,Tier 3
18002,0.454090260798696,Tier 3
18003,0.3395884270578647,Tier 4
18004,0.3043551344743276,Tier 4
18006,0.4767165851670742,Tier 3
18007,0.30629074979625104,Tier 4
18008,0.9103555419722902,Tier 1
18009,0.7248828443357783,Tier 2
18010,0.3336695191524042,Tier 4
18011,0.4491646291768541,Tier 3
18012,0.1498879380603097,Tier 4
18016,0.5891350855745723,Tier 3
18017,0.3907141401792991,Tier 4
18018,0.4670130399348003,Tier 3
18020,0.13438773431132844,Tier 4
18021,0.30214445802770984,Tier 4
18022,0.5910859820700898,Tier 3
18025,0.6314028117359414,Tier 3
18026,0.4605389160554197,Tier 3
18028,0.1801446617766911,Tier 4
18029,0.2552210676446618,Tier 4
18031,0.38413304808475957,Tier 4
18032,0.25041259168704155,Tier 4
18034,0.38128565607171966,Tier 4
18035,0.40585268948655256,Tier 4
18036,0.751365118174409,Tier 2
18037,0.5715821108394459,Tier 3
18038,0.2004940912795436,Tier 4
18039,0.5524857375713121,Tier 3
18040,0.3595252648736756,Tier 4
18041,0.8779187041564791,Tier 1
18042,0.17318663406682966,Tier 4
18043,0.5714140179299103,Tier 3
18044,0.8610686634066829,Tier 1
18046,0.19864506927465364,Tier 4
18047,0.4253209046454768,Tier 3
18048,0.5960268948655256,Tier 3
18049,0.42075692746536264,Tier 4
18050,0.42574877750611245,Tier 3
18051,0.5402047677261614,Tier 3
18052,0.45315810920945393,Tier 3
18053,0.22170945395273023,Tier 4
18054,0.2558934392828036,Tier 4
18055,0.8681744091279543,Tier 1
18056,0.4259423390383048,Tier 3
18057,0.5711746128769357,Tier 3
18058,0.3526079869600652,Tier 4
18060,0.5112112876935615,Tier 3
18061,0.8192746536267319,Tier 1
18062,0.6424816625916872,Tier 2
18063,0.30798696006519966,Tier 4
18064,0.7508608394458028,Tier 2
18065,0.8362825998370009,Tier 1
18066,0.5000662184189079,Tier 3
18068,0.26927465362673186,Tier 4
18069,0.7886155256723716,Tier 2
18070,0.1418143846780766,Tier 4
18071,0.6766809290953546,Tier 2
18073,0.47693052159739197,Tier 3
18074,0.5080480847595762,Tier 3
18075,0.8321872453137734,Tier 1
18076,0.25460472697636516,Tier 4
18077,0.8068969030154849,Tier 1
18078,0.6497402200488998,Tier 2
18079,0.6390332110839447,Tier 2
18080,0.4524449877750611,Tier 3
18083,0.35524653626731867,Tier 4
18084,0.36027404237978816,Tier 4
18085,0.6107019152404238,Tier 3
18086,0.2871383455582722,Tier 4
18087,0.7623064384678078,Tier 2
18089,0.28344030154849226,Tier 4
18090,0.31572432762836183,Tier 4
18091,0.2568969030154849,Tier 4
18092,0.7882487775061123,Tier 2
18093,0.6749796251018745,Tier 2
18094,0.7777404237978809,Tier 2
18095,0.6691625916870416,Tier 2
18096,0.5087866748166259,Tier 3
18097,0.794182966585167,Tier 2
18098,0.39339853300733496,Tier 4
18100,0.2916411980440098,Tier 4
18101,0.4808526894865526,Tier 3
18102,0.9107426650366748,Tier 1
18103,0.16921352893235533,Tier 4
18106,0.6798390383048085,Tier 2
18107,0.2505755908720456,Tier 4
18108,0.5434698451507743,Tier 3
18109,0.8823553382233088,Tier 1
18110,0.2688111246943765,Tier 4
18111,0.20492563162184188,Tier 4
18112,0.39140688671556645,Tier 4
18113,0.2353657294213529,Tier 4
18114,0.3426395680521597,Tier 4
18115,0.12004380603096984,Tier 4
18116,0.8117614099429502,Tier 1
18118,0.8474072942135288,Tier 1
18119,0.30473207008964953,Tier 4
18120,0.3587051752241239,Tier 4
18123,0.19160044824775876,Tier 4
18124,0.2006978402607987,Tier 4
18125,0.6500814995925022,Tier 2
18127,0.26954971475142625,Tier 4
18128,0.2943103096984515,Tier 4
18129,0.32337000814995925,Tier 4
18131,0.18018031784841076,Tier 4
18132,0.2638549307253464,Tier 4
18133,0.4283669519152405,Tier 3
18134,0.3373981255093724,Tier 4
18135,0.43395986145069276,Tier 3
18136,0.6552618174409128,Tier 2
18137,0.2650519559902201,Tier 4
18138,0.2931030969845151,Tier 4
18140,0.3379686226568867,Tier 4
18141,0.4045283211083945,Tier 4
18142,0.32795945395273024,Tier 4
18144,0.835773227383863,Tier 1
18145,0.8346882640586797,Tier 1
18146,0.3209046454767726,Tier 4
18148,0.15162489812550936,Tier 4
18149,0.735447229013855,Tier 2
18150,0.41503667481662593,Tier 4
18151,0.6371841890790545,Tier 3
18152,0.24121332518337407,Tier 4
18153,0.20176752241238793,Tier 4
18154,0.4568561532192339,Tier 3
18155,0.2817695599022005,Tier 4
18156,0.32293194784026075,Tier 4
18157,0.21979421352893236,Tier 4
18159,0.4042481662591687,Tier 4
18160,0.6020222086389568,Tier 3
18161,0.5704003667481662,Tier 3
18162,0.257788304808476,Tier 4
18163,0.2608649144254279,Tier 4
18166,0.1770731458842706,Tier 4
18168,0.8338172371638142,Tier 1
18170,0.7683883455582723,Tier 2
18171,0.6898991442542788,Tier 2
18172,0.8787438875305623,Tier 1
18173,0.7495466585167074,Tier 2
18174,0.1362876935615322,Tier 4
18175,0.16387530562347186,Tier 4
18176,0.32133251833740833,Tier 4
18177,0.7396393643031784,Tier 2
18178,0.8153830480847596,Tier 1
18179,0.7257997147514261,Tier 2
18181,0.5032956397718011,Tier 3
18182,0.24292481662591686,Tier 4
18183,0.47732273838630807,Tier 3
18185,0.3798543194784026,Tier 4
18186,0.2121230643846781,Tier 4
18187,0.25968317033414834,Tier 4
18188,0.6166972290138548,Tier 3
18189,0.49619498777506116,Tier 3
18190,0.6550427872860635,Tier 2
18191,0.4768693969030155,Tier 3
18193,0.4514058679706602,Tier 3
18194,0.5874083129584353,Tier 3
18195,0.22678280358598207,Tier 4
18196,0.6324419315403422,Tier 3
18197,0.13564588427057864,Tier 4
18198,0.8030358598207009,Tier 2
18199,0.1658262021189894,Tier 4
18201,0.2606560717196414,Tier 4
18202,0.7085065199674001,Tier 2
18203,0.4293958842705787,Tier 3
18204,0.5557559087204564,Tier 3
18206,0.24457008964955176,Tier 4
18207,0.24808475957620213,Tier 4
18208,0.25211389568052156,Tier 4
18210,0.41700794621026893,Tier 4
18211,0.29706092094539527,Tier 4
18212,0.4681387530562347,Tier 3
18213,0.3703239608801956,Tier 4
18214,0.492629380603097,Tier 3
18215,0.5317339038304808,Tier 3
18217,0.23302261613691932,Tier 4
18218,0.6101212306438468,Tier 3
18219,0.7803687856560717,Tier 2
18220,0.6435768133659332,Tier 2
18221,0.5072840260798696,Tier 3
18223,0.8496383455582722,Tier 1
18224,0.3171047269763651,Tier 4
18225,0.8757895273023635,Tier 1
18226,0.8805215973920131,Tier 1
18227,0.4227281988590057,Tier 3
18229,0.8784739201303993,Tier 1
18230,0.7168347595762021,Tier 2
18231,0.9124847188264059,Tier 1
18232,0.5458231458842706,Tier 3
18233,0.34791157294213526,Tier 4
18234,0.21954462102689484,Tier 4
18235,0.45878158109209455,Tier 3
18236,0.6914934800325998,Tier 2
18238,0.2313671556642217,Tier 4
18239,0.754981662591687,Tier 2
18241,0.6778321108394457,Tier 2
18242,0.8051191931540342,Tier 1
18243,0.34067848410757945,Tier 4
18244,0.39106051344743276,Tier 4
18245,0.8588121434392828,Tier 1
18246,0.4610839445802771,Tier 3
18247,0.41648329258353706,Tier 4
18250,0.2978555419722902,Tier 4
18251,0.705506316218419,Tier 2
18252,0.4646088019559902,Tier 3
18253,0.21029441727791362,Tier 4
18254,0.21999796251018747,Tier 4
18255,0.2240729421352893,Tier 4
18256,0.17132233088834553,Tier 4
18257,0.7746536267318663,Tier 2
18258,0.5358751018744907,Tier 3
18259,0.640321923390383,Tier 2
18260,0.8687296251018745,Tier 1
18262,0.4058934392828035,Tier 4
18263,0.3768693969030155,Tier 4
18264,0.3316065607171964,Tier 4
18266,0.2503820293398533,Tier 4
18267,0.1397463325183374,Tier 4
18268,0.4853555419722902,Tier 3
18269,0.20577628361858188,Tier 4
18270,0.35406479217603914,Tier 4
18271,0.36179706601467,Tier 4
18272,0.706993683781581,Tier 2
18273,0.3824979625101875,Tier 4
18275,0.37487775061124695,Tier 4
18276,0.5580837408312959,Tier 3
18277,0.4942389975550122,Tier 3
18278,0.26908109209453956,Tier 4
18279,0.21935105949470252,Tier 4
18280,0.4208944580277099,Tier 4
18281,0.16832722086389568,Tier 4
18283,0.8122758761206195,Tier 1
18284,0.24666361043194782,Tier 4
18285,0.22938060309698452,Tier 4
18286,0.42375203748981255,Tier 3
18287,0.7747351263243684,Tier 2
